,file_path,module_name
0,/p/hip/wa/yehudabe/flcn3/flc_n3/soswa/lib_data/ethflctc2tx/ethflctc2tx_msv_drv_nettype_pkg/systemVerilog/verilog.sv,verilog
1,/p/hdk/rtl/cad/x86-64_linux30/synopsys/vcsmx/R-2020.12-1/etc/snps_msv/snps_msv_nettype_pkg.svp,snps_msv_nettype_pkg
2,/nfs/iil/disks/barak_g2_tc2_rtl/users/lisrael1/first/analog_sa/src/bmod/lane_top/1p0/msv_rc_filter.sv,msv_rc_filter
3,importing_wreal.sv,importing_wreal
4,/nfs/iil/disks/falcon_tc2-rtl/TC2/users/yehudabe/work/analog_sa/src/bmod/lane_top/lane_top_n3_0p5/msv_serializer.sv,msv_serializer
5,/nfs/iil/disks/falcon_tc2-rtl/TC2/users/yehudabe/work/analog_sa/src/bmod/lane_top/lane_top_n3_0p5/msv_th_by_exp.sv,msv_th_by_exp
6,/nfs/iil/disks/falcon_tc2-rtl/TC2/users/yehudabe/work/analog_sa/src/bmod/lane_top/lane_top_n3_0p5/res.sv,res
7,/p/hip/wa/yehudabe/flcn3/flc_n3/soswa/ethflctc2top_lane_top_svrun1/3.ethflctc2top_lane_top/ethadcrefgenshr_32bit_2_36bit.v,ethadcrefgenshr_32bit_2_36bit
8,/p/hip/wa/yehudabe/flcn3/flc_n3/soswa/ethflctc2top_lane_top_svrun1/3.ethflctc2top_lane_top/ethadcrefgenshr_BUFFD4BWP260H3P45FB1CNODLVT.sv,ethadcrefgenshr_BUFFD4BWP260H3P45FB1CNODLVT
9,/p/hip/wa/yehudabe/flcn3/flc_n3/soswa/ethflctc2top_lane_top_svrun1/3.ethflctc2top_lane_top/ethadcrefgenshr_HDBSVT06_INV_1.sv,ethadcrefgenshr_HDBSVT06_INV_1
10,/p/hip/wa/yehudabe/flcn3/flc_n3/soswa/ethflctc2top_lane_top_svrun1/3.ethflctc2top_lane_top/ethadcrefgenshr_HDBSVT06_NR3_1.sv,ethadcrefgenshr_HDBSVT06_NR3_1
11,/p/hip/wa/yehudabe/flcn3/flc_n3/soswa/ethflctc2top_lane_top_svrun1/3.ethflctc2top_lane_top/ethadcrefgenshr_INVD10BWP260H3P45FB1CNODLVT.sv,ethadcrefgenshr_INVD10BWP260H3P45FB1CNODLVT
12,/p/hip/wa/yehudabe/flcn3/flc_n3/soswa/ethflctc2top_lane_top_svrun1/3.ethflctc2top_lane_top/ethadcrefgenshr_INVD4BWP260H3P45FB1CNODLVT.sv,ethadcrefgenshr_INVD4BWP260H3P45FB1CNODLVT
13,/p/hip/wa/yehudabe/flcn3/flc_n3/soswa/ethflctc2top_lane_top_svrun1/3.ethflctc2top_lane_top/ethadcrefgenshr_ND2D4BWP260H3P45FB1CNODLVT.sv,ethadcrefgenshr_ND2D4BWP260H3P45FB1CNODLVT
14,/p/hip/wa/yehudabe/flcn3/flc_n3/soswa/ethflctc2top_lane_top_svrun1/3.ethflctc2top_lane_top/ethadcrefgenshr_dcmon_control_top.v,ethadcrefgenshr_dcmon_control_top
15,/p/hip/wa/yehudabe/flcn3/flc_n3/soswa/ethflctc2top_lane_top_svrun1/3.ethflctc2top_lane_top/ethadcrefgenshr_dcmon_sw.sv,ethadcrefgenshr_dcmon_sw
16,/p/hip/wa/yehudabe/flcn3/flc_n3/soswa/ethflctc2top_lane_top_svrun1/3.ethflctc2top_lane_top/ethadcrefgenshr_dcmon_sw_top.v,ethadcrefgenshr_dcmon_sw_top
17,/p/hip/wa/yehudabe/flcn3/flc_n3/soswa/ethflctc2top_lane_top_svrun1/3.ethflctc2top_lane_top/ethadcrefgenshr_dff_rb_sb.v,ethadcrefgenshr_dff_rb_sb
18,/p/hip/wa/yehudabe/flcn3/flc_n3/soswa/ethflctc2top_lane_top_svrun1/3.ethflctc2top_lane_top/ethadcrefgenshr_left_half.v,ethadcrefgenshr_left_half
19,/p/hip/wa/yehudabe/flcn3/flc_n3/soswa/ethflctc2top_lane_top_svrun1/3.ethflctc2top_lane_top/ethadcrefgenshr_mux.v,ethadcrefgenshr_mux
20,/p/hip/wa/yehudabe/flcn3/flc_n3/soswa/ethflctc2top_lane_top_svrun1/3.ethflctc2top_lane_top/ethadcrefgenshr_mux_new_sw_set_common.sv,ethadcrefgenshr_mux_new_sw_set_common
21,/p/hip/wa/yehudabe/flcn3/flc_n3/soswa/ethflctc2top_lane_top_svrun1/3.ethflctc2top_lane_top/ethadcrefgenshr_mux_new_sw_set_lay_left.sv,ethadcrefgenshr_mux_new_sw_set_lay_left
22,/p/hip/wa/yehudabe/flcn3/flc_n3/soswa/ethflctc2top_lane_top_svrun1/3.ethflctc2top_lane_top/ethadcrefgenshr_mux_new_sw_set_lay_option.sv,ethadcrefgenshr_mux_new_sw_set_lay_option
23,/p/hip/wa/yehudabe/flcn3/flc_n3/soswa/ethflctc2top_lane_top_svrun1/3.ethflctc2top_lane_top/ethadcrefgenshr_mux_new_sw_set_lay_right.sv,ethadcrefgenshr_mux_new_sw_set_lay_right
24,/p/hip/wa/yehudabe/flcn3/flc_n3/soswa/ethflctc2top_lane_top_svrun1/3.ethflctc2top_lane_top/ethadcrefgenshr_mux_res_dfx.v,ethadcrefgenshr_mux_res_dfx
25,/p/hip/wa/yehudabe/flcn3/flc_n3/soswa/ethflctc2top_lane_top_svrun1/3.ethflctc2top_lane_top/ethadcrefgenshr_nor3_sw_cm.v,ethadcrefgenshr_nor3_sw_cm
26,/p/hip/wa/yehudabe/flcn3/flc_n3/soswa/ethflctc2top_lane_top_svrun1/3.ethflctc2top_lane_top/ethadcrefgenshr_nor3_sw_left.v,ethadcrefgenshr_nor3_sw_left
27,/p/hip/wa/yehudabe/flcn3/flc_n3/soswa/ethflctc2top_lane_top_svrun1/3.ethflctc2top_lane_top/ethadcrefgenshr_nor3_sw_left_edge_2.v,ethadcrefgenshr_nor3_sw_left_edge_2
28,/p/hip/wa/yehudabe/flcn3/flc_n3/soswa/ethflctc2top_lane_top_svrun1/3.ethflctc2top_lane_top/ethadcrefgenshr_nor3_sw_right.v,ethadcrefgenshr_nor3_sw_right
29,/p/hip/wa/yehudabe/flcn3/flc_n3/soswa/ethflctc2top_lane_top_svrun1/3.ethflctc2top_lane_top/ethadcrefgenshr_nor3_sw_right_edge.v,ethadcrefgenshr_nor3_sw_right_edge
30,/p/hip/wa/yehudabe/flcn3/flc_n3/soswa/ethflctc2top_lane_top_svrun1/3.ethflctc2top_lane_top/ethadcrefgenshr_nor3_switch_top.v,ethadcrefgenshr_nor3_switch_top
31,/p/hip/wa/yehudabe/flcn3/flc_n3/soswa/ethflctc2top_lane_top_svrun1/3.ethflctc2top_lane_top/ethadcrefgenshr_plus_one.v,ethadcrefgenshr_plus_one
32,/p/hip/wa/yehudabe/flcn3/flc_n3/soswa/ethflctc2top_lane_top_svrun1/3.ethflctc2top_lane_top/ethadcrefgenshr_predec_all.v,ethadcrefgenshr_predec_all
33,/p/hip/wa/yehudabe/flcn3/flc_n3/soswa/ethflctc2top_lane_top_svrun1/3.ethflctc2top_lane_top/ethadcrefgenshr_predec_unit_s2d.v,ethadcrefgenshr_predec_unit_s2d
34,/p/hip/wa/yehudabe/flcn3/flc_n3/soswa/ethflctc2top_lane_top_svrun1/3.ethflctc2top_lane_top/ethadcrefgenshr_predecoder.v,ethadcrefgenshr_predecoder
35,/p/hip/wa/yehudabe/flcn3/flc_n3/soswa/ethflctc2top_lane_top_svrun1/3.ethflctc2top_lane_top/ethadcrefgenshr_predecoder_unit.v,ethadcrefgenshr_predecoder_unit
36,/p/hip/wa/yehudabe/flcn3/flc_n3/soswa/ethflctc2top_lane_top_svrun1/3.ethflctc2top_lane_top/ethadcrefgenshr_reg_32units.v,ethadcrefgenshr_reg_32units
37,/p/hip/wa/yehudabe/flcn3/flc_n3/soswa/ethflctc2top_lane_top_svrun1/3.ethflctc2top_lane_top/ethadcrefgenshr_reg_both_rval_unit.v,ethadcrefgenshr_reg_both_rval_unit
38,/p/hip/wa/yehudabe/flcn3/flc_n3/soswa/ethflctc2top_lane_top_svrun1/3.ethflctc2top_lane_top/ethadcrefgenshr_reg_select5bits.v,ethadcrefgenshr_reg_select5bits
39,/p/hip/wa/yehudabe/flcn3/flc_n3/soswa/ethflctc2top_lane_top_svrun1/3.ethflctc2top_lane_top/ethadcrefgenshr_reg_strb_sunit.v,ethadcrefgenshr_reg_strb_sunit
40,/p/hip/wa/yehudabe/flcn3/flc_n3/soswa/ethflctc2top_lane_top_svrun1/3.ethflctc2top_lane_top/ethadcrefgenshr_reg_strb_unit.v,ethadcrefgenshr_reg_strb_unit
41,/p/hip/wa/yehudabe/flcn3/flc_n3/soswa/ethflctc2top_lane_top_svrun1/3.ethflctc2top_lane_top/ethadcrefgenshr_res_lad_top_ver2.sv,ethadcrefgenshr_res_lad_top_ver2
42,/p/hip/wa/yehudabe/flcn3/flc_n3/soswa/ethflctc2top_lane_top_svrun1/3.ethflctc2top_lane_top/ethadcrefgenshr_right_half.v,ethadcrefgenshr_right_half
43,/p/hip/wa/yehudabe/flcn3/flc_n3/soswa/ethflctc2top_lane_top_svrun1/3.ethflctc2top_lane_top/ethadcrefgenshr_sw_flip_high.sv,ethadcrefgenshr_sw_flip_high
44,/p/hip/wa/yehudabe/flcn3/flc_n3/soswa/ethflctc2top_lane_top_svrun1/3.ethflctc2top_lane_top/ethadcrefgenshr_sw_flip_low.sv,ethadcrefgenshr_sw_flip_low
45,/p/hip/wa/yehudabe/flcn3/flc_n3/soswa/ethflctc2top_lane_top_svrun1/3.ethflctc2top_lane_top/ethadcrefgenshr_top.v,ethadcrefgenshr_top
46,/p/hip/wa/yehudabe/flcn3/flc_n3/soswa/ethflctc2top_lane_top_svrun1/3.ethflctc2top_lane_top/ethadcrefgenshr_top_decaps.sv,ethadcrefgenshr_top_decaps
47,/p/hip/wa/yehudabe/flcn3/flc_n3/soswa/ethflctc2top_lane_top_svrun1/3.ethflctc2top_lane_top/ethadcrefgenshr_w_regs_address_ctrl.v,ethadcrefgenshr_w_regs_address_ctrl
48,/p/hip/wa/yehudabe/flcn3/flc_n3/soswa/ethflctc2top_lane_top_svrun1/3.ethflctc2top_lane_top/ethadcrefgenshr_w_regs_lsb.v,ethadcrefgenshr_w_regs_lsb
49,/p/hip/wa/yehudabe/flcn3/flc_n3/soswa/ethflctc2top_lane_top_svrun1/3.ethflctc2top_lane_top/ethadcsararrayshr_2bit_cnt_ulvt.v,ethadcsararrayshr_2bit_cnt_ulvt
50,/p/hip/wa/yehudabe/flcn3/flc_n3/soswa/ethflctc2top_lane_top_svrun1/3.ethflctc2top_lane_top/ethadcsararrayshr_ch_sars_wrapper_top.v,ethadcsararrayshr_ch_sars_wrapper_top
51,/p/hip/wa/yehudabe/flcn3/flc_n3/soswa/ethflctc2top_lane_top_svrun1/3.ethflctc2top_lane_top/ethadcsararrayshr_clgc.v,ethadcsararrayshr_clgc
52,/p/hip/wa/yehudabe/flcn3/flc_n3/soswa/ethflctc2top_lane_top_svrun1/3.ethflctc2top_lane_top/ethadcsararrayshr_dacdrv_data_buf_wrapper.v,ethadcsararrayshr_dacdrv_data_buf_wrapper
53,/p/hip/wa/yehudabe/flcn3/flc_n3/soswa/ethflctc2top_lane_top_svrun1/3.ethflctc2top_lane_top/ethadcsararrayshr_decoder_regs_unit.v,ethadcsararrayshr_decoder_regs_unit
54,/p/hip/wa/yehudabe/flcn3/flc_n3/soswa/ethflctc2top_lane_top_svrun1/3.ethflctc2top_lane_top/ethadcsararrayshr_flc_dacdrv_32tracks_fb_gatein.sv,ethadcsararrayshr_flc_dacdrv_32tracks_fb_gatein
55,/p/hip/wa/yehudabe/flcn3/flc_n3/soswa/ethflctc2top_lane_top_svrun1/3.ethflctc2top_lane_top/ethadcsararrayshr_flc_octet_routing.sv,ethadcsararrayshr_flc_octet_routing
56,/p/hip/wa/yehudabe/flcn3/flc_n3/soswa/ethflctc2top_lane_top_svrun1/3.ethflctc2top_lane_top/ethadcsararrayshr_oct_dacdrv.sv,ethadcsararrayshr_oct_dacdrv
57,/p/hip/wa/yehudabe/flcn3/flc_n3/soswa/ethflctc2top_lane_top_svrun1/3.ethflctc2top_lane_top/ethadcsararrayshr_oct_local_regs_buf.v,ethadcsararrayshr_oct_local_regs_buf
58,/p/hip/wa/yehudabe/flcn3/flc_n3/soswa/ethflctc2top_lane_top_svrun1/3.ethflctc2top_lane_top/ethadcsararrayshr_oct_local_regs_buf_decap.v,ethadcsararrayshr_oct_local_regs_buf_decap
59,/p/hip/wa/yehudabe/flcn3/flc_n3/soswa/ethflctc2top_lane_top_svrun1/3.ethflctc2top_lane_top/ethadcsararrayshr_octet.v,ethadcsararrayshr_octet
60,/p/hip/wa/yehudabe/flcn3/flc_n3/soswa/ethflctc2top_lane_top_svrun1/3.ethflctc2top_lane_top/ethadcsararrayshr_quad_data_buff.v,ethadcsararrayshr_quad_data_buff
61,/p/hip/wa/yehudabe/flcn3/flc_n3/soswa/ethflctc2top_lane_top_svrun1/3.ethflctc2top_lane_top/ethadcsararrayshr_quad_data_buff_decap.v,ethadcsararrayshr_quad_data_buff_decap
62,/p/hip/wa/yehudabe/flcn3/flc_n3/soswa/ethflctc2top_lane_top_svrun1/3.ethflctc2top_lane_top/ethadcsararrayshr_quad_quaret_dfx_sw.v,ethadcsararrayshr_quad_quaret_dfx_sw
63,/p/hip/wa/yehudabe/flcn3/flc_n3/soswa/ethflctc2top_lane_top_svrun1/3.ethflctc2top_lane_top/ethadcsararrayshr_quad_quartet.v,ethadcsararrayshr_quad_quartet
64,/p/hip/wa/yehudabe/flcn3/flc_n3/soswa/ethflctc2top_lane_top_svrun1/3.ethflctc2top_lane_top/ethadcsararrayshr_quad_quartet_regs_32bit.v,ethadcsararrayshr_quad_quartet_regs_32bit
65,/p/hip/wa/yehudabe/flcn3/flc_n3/soswa/ethflctc2top_lane_top_svrun1/3.ethflctc2top_lane_top/ethadcsararrayshr_quad_quartet_regs_32bit_decap.v,ethadcsararrayshr_quad_quartet_regs_32bit_decap
66,/p/hip/wa/yehudabe/flcn3/flc_n3/soswa/ethflctc2top_lane_top_svrun1/3.ethflctc2top_lane_top/ethadcsararrayshr_quartet.v,ethadcsararrayshr_quartet
67,/p/hip/wa/yehudabe/flcn3/flc_n3/soswa/ethflctc2top_lane_top_svrun1/3.ethflctc2top_lane_top/ethadcsararrayshr_quartet_buf.v,ethadcsararrayshr_quartet_buf
68,/p/hip/wa/yehudabe/flcn3/flc_n3/soswa/ethflctc2top_lane_top_svrun1/3.ethflctc2top_lane_top/ethadcsararrayshr_quartet_buffers.v,ethadcsararrayshr_quartet_buffers
69,/p/hip/wa/yehudabe/flcn3/flc_n3/soswa/ethflctc2top_lane_top_svrun1/3.ethflctc2top_lane_top/ethadcsararrayshr_refgen_routing_metal10_res.sv,ethadcsararrayshr_refgen_routing_metal10_res
70,/p/hip/wa/yehudabe/flcn3/flc_n3/soswa/ethflctc2top_lane_top_svrun1/3.ethflctc2top_lane_top/ethadcsararrayshr_refgen_routing_metal8_res.sv,ethadcsararrayshr_refgen_routing_metal8_res
71,/p/hip/wa/yehudabe/flcn3/flc_n3/soswa/ethflctc2top_lane_top_svrun1/3.ethflctc2top_lane_top/ethadcsararrayshr_refgen_routing_slc0toslc2.v,ethadcsararrayshr_refgen_routing_slc0toslc2
72,/p/hip/wa/yehudabe/flcn3/flc_n3/soswa/ethflctc2top_lane_top_svrun1/3.ethflctc2top_lane_top/ethadcsararrayshr_refgen_routing_slc3toslc5.v,ethadcsararrayshr_refgen_routing_slc3toslc5
73,/p/hip/wa/yehudabe/flcn3/flc_n3/soswa/ethflctc2top_lane_top_svrun1/3.ethflctc2top_lane_top/ethadcsararrayshr_rst_sync.v,ethadcsararrayshr_rst_sync
74,/p/hip/wa/yehudabe/flcn3/flc_n3/soswa/ethflctc2top_lane_top_svrun1/3.ethflctc2top_lane_top/ethadcsararrayshr_rst_sync_clk_div4.v,ethadcsararrayshr_rst_sync_clk_div4
75,/p/hip/wa/yehudabe/flcn3/flc_n3/soswa/ethflctc2top_lane_top_svrun1/3.ethflctc2top_lane_top/ethadcsararrayshr_rst_sync_decap.v,ethadcsararrayshr_rst_sync_decap
76,/p/hip/wa/yehudabe/flcn3/flc_n3/soswa/ethflctc2top_lane_top_svrun1/3.ethflctc2top_lane_top/ethadcsararrayshr_sar_data_buffers.v,ethadcsararrayshr_sar_data_buffers
77,/p/hip/wa/yehudabe/flcn3/flc_n3/soswa/ethflctc2top_lane_top_svrun1/3.ethflctc2top_lane_top/ethadcsararrayshr_shared_top.v,ethadcsararrayshr_shared_top
78,/p/hip/wa/yehudabe/flcn3/flc_n3/soswa/ethflctc2top_lane_top_svrun1/3.ethflctc2top_lane_top/ethadcsararrayshr_th2_clk_del_buffer_v2.sv,ethadcsararrayshr_th2_clk_del_buffer_v2
79,/p/hip/wa/yehudabe/flcn3/flc_n3/soswa/ethflctc2top_lane_top_svrun1/3.ethflctc2top_lane_top/ethadcsararrayshr_trk_drv_flc_with_delay_ctl.v,ethadcsararrayshr_trk_drv_flc_with_delay_ctl
80,/p/hip/wa/yehudabe/flcn3/flc_n3/soswa/ethflctc2top_lane_top_svrun1/3.ethflctc2top_lane_top/ethadcsararrayshr_trk_logic_flc_with_delay_ctrl.sv,ethadcsararrayshr_trk_logic_flc_with_delay_ctrl
81,/p/hip/wa/yehudabe/flcn3/flc_n3/soswa/ethflctc2top_lane_top_svrun1/3.ethflctc2top_lane_top/ethadcsararrayshr_trk_routing.sv,ethadcsararrayshr_trk_routing
82,/p/hip/wa/yehudabe/flcn3/flc_n3/soswa/ethflctc2top_lane_top_svrun1/3.ethflctc2top_lane_top/ethadcsarshr_0p9_dfx.v,ethadcsarshr_0p9_dfx
83,/p/hip/wa/yehudabe/flcn3/flc_n3/soswa/ethflctc2top_lane_top_svrun1/3.ethflctc2top_lane_top/ethadcsarshr_3bit_plus1.v,ethadcsarshr_3bit_plus1
84,/p/hip/wa/yehudabe/flcn3/flc_n3/soswa/ethflctc2top_lane_top_svrun1/3.ethflctc2top_lane_top/ethadcsarshr_4f_svt_inv.sv,ethadcsarshr_4f_svt_inv
85,/p/hip/wa/yehudabe/flcn3/flc_n3/soswa/ethflctc2top_lane_top_svrun1/3.ethflctc2top_lane_top/ethadcsarshr_4f_svt_mos1_inv.sv,ethadcsarshr_4f_svt_mos1_inv
86,/p/hip/wa/yehudabe/flcn3/flc_n3/soswa/ethflctc2top_lane_top_svrun1/3.ethflctc2top_lane_top/ethadcsarshr_4f_svt_mos1_nand.sv,ethadcsarshr_4f_svt_mos1_nand
87,/p/hip/wa/yehudabe/flcn3/flc_n3/soswa/ethflctc2top_lane_top_svrun1/3.ethflctc2top_lane_top/ethadcsarshr_core.v,ethadcsarshr_core
88,/p/hip/wa/yehudabe/flcn3/flc_n3/soswa/ethflctc2top_lane_top_svrun1/3.ethflctc2top_lane_top/ethadcsarshr_dac_rnor.sv,ethadcsarshr_dac_rnor
89,/p/hip/wa/yehudabe/flcn3/flc_n3/soswa/ethflctc2top_lane_top_svrun1/3.ethflctc2top_lane_top/ethadcsarshr_dac_rnor_msb_m2.sv,ethadcsarshr_dac_rnor_msb_m2
90,/p/hip/wa/yehudabe/flcn3/flc_n3/soswa/ethflctc2top_lane_top_svrun1/3.ethflctc2top_lane_top/ethadcsarshr_dac_top.sv,ethadcsarshr_dac_top
91,/p/hip/wa/yehudabe/flcn3/flc_n3/soswa/ethflctc2top_lane_top_svrun1/3.ethflctc2top_lane_top/ethadcsarshr_dff_rb_qb.v,ethadcsarshr_dff_rb_qb
92,/p/hip/wa/yehudabe/flcn3/flc_n3/soswa/ethflctc2top_lane_top_svrun1/3.ethflctc2top_lane_top/ethadcsarshr_dfx_dc.v,ethadcsarshr_dfx_dc
93,/p/hip/wa/yehudabe/flcn3/flc_n3/soswa/ethflctc2top_lane_top_svrun1/3.ethflctc2top_lane_top/ethadcsarshr_dfx_hs.sv,ethadcsarshr_dfx_hs
94,/p/hip/wa/yehudabe/flcn3/flc_n3/soswa/ethflctc2top_lane_top_svrun1/3.ethflctc2top_lane_top/ethadcsarshr_dfx_lgc.v,ethadcsarshr_dfx_lgc
95,/p/hip/wa/yehudabe/flcn3/flc_n3/soswa/ethflctc2top_lane_top_svrun1/3.ethflctc2top_lane_top/ethadcsarshr_dfx_n_mos1_switch.sv,ethadcsarshr_dfx_n_mos1_switch
96,/p/hip/wa/yehudabe/flcn3/flc_n3/soswa/ethflctc2top_lane_top_svrun1/3.ethflctc2top_lane_top/ethadcsarshr_dfx_n_switch.sv,ethadcsarshr_dfx_n_switch
97,/p/hip/wa/yehudabe/flcn3/flc_n3/soswa/ethflctc2top_lane_top_svrun1/3.ethflctc2top_lane_top/ethadcsarshr_dfx_p_mos1_switch.sv,ethadcsarshr_dfx_p_mos1_switch
98,/p/hip/wa/yehudabe/flcn3/flc_n3/soswa/ethflctc2top_lane_top_svrun1/3.ethflctc2top_lane_top/ethadcsarshr_dfx_p_switch.sv,ethadcsarshr_dfx_p_switch
99,/p/hip/wa/yehudabe/flcn3/flc_n3/soswa/ethflctc2top_lane_top_svrun1/3.ethflctc2top_lane_top/ethadcsarshr_dfx_pg_switch.sv,ethadcsarshr_dfx_pg_switch
100,/p/hip/wa/yehudabe/flcn3/flc_n3/soswa/ethflctc2top_lane_top_svrun1/3.ethflctc2top_lane_top/ethadcsarshr_flc_slicer_clk_inv_4f_m0_green_start.sv,ethadcsarshr_flc_slicer_clk_inv_4f_m0_green_start
101,/p/hip/wa/yehudabe/flcn3/flc_n3/soswa/ethflctc2top_lane_top_svrun1/3.ethflctc2top_lane_top/ethadcsarshr_flc_slicer_clk_inv_m0_green_start.sv,ethadcsarshr_flc_slicer_clk_inv_m0_green_start
102,/p/hip/wa/yehudabe/flcn3/flc_n3/soswa/ethflctc2top_lane_top_svrun1/3.ethflctc2top_lane_top/ethadcsarshr_flc_slicer_clk_nand_new_m0_green_start.sv,ethadcsarshr_flc_slicer_clk_nand_new_m0_green_start
103,/p/hip/wa/yehudabe/flcn3/flc_n3/soswa/ethflctc2top_lane_top_svrun1/3.ethflctc2top_lane_top/ethadcsarshr_flc_slicer_nor_stat_m0_green_start.sv,ethadcsarshr_flc_slicer_nor_stat_m0_green_start
104,/p/hip/wa/yehudabe/flcn3/flc_n3/soswa/ethflctc2top_lane_top_svrun1/3.ethflctc2top_lane_top/ethadcsarshr_flc_slicer_nor_stat_msb.sv,ethadcsarshr_flc_slicer_nor_stat_msb
105,/p/hip/wa/yehudabe/flcn3/flc_n3/soswa/ethflctc2top_lane_top_svrun1/3.ethflctc2top_lane_top/ethadcsarshr_in_bridge.sv,ethadcsarshr_in_bridge
106,/p/hip/wa/yehudabe/flcn3/flc_n3/soswa/ethflctc2top_lane_top_svrun1/3.ethflctc2top_lane_top/ethadcsarshr_logic.v,ethadcsarshr_logic
107,/p/hip/wa/yehudabe/flcn3/flc_n3/soswa/ethflctc2top_lane_top_svrun1/3.ethflctc2top_lane_top/ethadcsarshr_mem_mux4b.sv,ethadcsarshr_mem_mux4b
108,/p/hip/wa/yehudabe/flcn3/flc_n3/soswa/ethflctc2top_lane_top_svrun1/3.ethflctc2top_lane_top/ethadcsarshr_nor_4f1fsvt_mos3.sv,ethadcsarshr_nor_4f1fsvt_mos3
109,/p/hip/wa/yehudabe/flcn3/flc_n3/soswa/ethflctc2top_lane_top_svrun1/3.ethflctc2top_lane_top/ethadcsarshr_predec_unit.v,ethadcsarshr_predec_unit
110,/p/hip/wa/yehudabe/flcn3/flc_n3/soswa/ethflctc2top_lane_top_svrun1/3.ethflctc2top_lane_top/ethadcsarshr_predec_unit_s2d.v,ethadcsarshr_predec_unit_s2d
111,/p/hip/wa/yehudabe/flcn3/flc_n3/soswa/ethflctc2top_lane_top_svrun1/3.ethflctc2top_lane_top/ethadcsarshr_sar_decoder16.v,ethadcsarshr_sar_decoder16
112,/p/hip/wa/yehudabe/flcn3/flc_n3/soswa/ethflctc2top_lane_top_svrun1/3.ethflctc2top_lane_top/ethadcsarshr_sar_sample.v,ethadcsarshr_sar_sample
113,/p/hip/wa/yehudabe/flcn3/flc_n3/soswa/ethflctc2top_lane_top_svrun1/3.ethflctc2top_lane_top/ethadcsarshr_slicer.sv,ethadcsarshr_slicer
114,/p/hip/wa/yehudabe/flcn3/flc_n3/soswa/ethflctc2top_lane_top_svrun1/3.ethflctc2top_lane_top/ethadcsarshr_slicer_clk.v,ethadcsarshr_slicer_clk
115,/p/hip/wa/yehudabe/flcn3/flc_n3/soswa/ethflctc2top_lane_top_svrun1/3.ethflctc2top_lane_top/ethadcsarshr_slicer_finish.v,ethadcsarshr_slicer_finish
116,/p/hip/wa/yehudabe/flcn3/flc_n3/soswa/ethflctc2top_lane_top_svrun1/3.ethflctc2top_lane_top/ethadcsarshr_slicer_lsb_block.v,ethadcsarshr_slicer_lsb_block
117,/p/hip/wa/yehudabe/flcn3/flc_n3/soswa/ethflctc2top_lane_top_svrun1/3.ethflctc2top_lane_top/ethadcsarshr_slicer_mid_bits.v,ethadcsarshr_slicer_mid_bits
118,/p/hip/wa/yehudabe/flcn3/flc_n3/soswa/ethflctc2top_lane_top_svrun1/3.ethflctc2top_lane_top/ethadcsarshr_slicer_msb.v,ethadcsarshr_slicer_msb
119,/p/hip/wa/yehudabe/flcn3/flc_n3/soswa/ethflctc2top_lane_top_svrun1/3.ethflctc2top_lane_top/ethadcsarshr_slicer_rdy_dly.sv,ethadcsarshr_slicer_rdy_dly
120,/p/hip/wa/yehudabe/flcn3/flc_n3/soswa/ethflctc2top_lane_top_svrun1/3.ethflctc2top_lane_top/ethadcsarshr_sniffer.sv,ethadcsarshr_sniffer
121,/p/hip/wa/yehudabe/flcn3/flc_n3/soswa/ethflctc2top_lane_top_svrun1/3.ethflctc2top_lane_top/ethadcsarshr_th.sv,ethadcsarshr_th
122,/p/hip/wa/yehudabe/flcn3/flc_n3/soswa/ethflctc2top_lane_top_svrun1/3.ethflctc2top_lane_top/ethadcsarshr_th_top.v,ethadcsarshr_th_top
123,/p/hip/wa/yehudabe/flcn3/flc_n3/soswa/ethflctc2top_lane_top_svrun1/3.ethflctc2top_lane_top/ethadcsarshr_top.v,ethadcsarshr_top
124,/p/hip/wa/yehudabe/flcn3/flc_n3/soswa/ethflctc2top_lane_top_svrun1/3.ethflctc2top_lane_top/ethanashr_buf_lg86_hv.sv,ethanashr_buf_lg86_hv
125,/p/hip/wa/yehudabe/flcn3/flc_n3/soswa/ethflctc2top_lane_top_svrun1/3.ethflctc2top_lane_top/ethanashr_dc_svt_6n_pull_vref.sv,ethanashr_dc_svt_6n_pull_vref
126,/p/hip/wa/yehudabe/flcn3/flc_n3/soswa/ethflctc2top_lane_top_svrun1/3.ethflctc2top_lane_top/ethanashr_dc_sw_svt_6n_half.sv,ethanashr_dc_sw_svt_6n_half
127,/p/hip/wa/yehudabe/flcn3/flc_n3/soswa/ethflctc2top_lane_top_svrun1/3.ethflctc2top_lane_top/ethanashr_dc_vref_mid.sv,ethanashr_dc_vref_mid
128,/p/hip/wa/yehudabe/flcn3/flc_n3/soswa/ethflctc2top_lane_top_svrun1/3.ethflctc2top_lane_top/ethanashr_dec_adc_channel.v,ethanashr_dec_adc_channel
129,/p/hip/wa/yehudabe/flcn3/flc_n3/soswa/ethflctc2top_lane_top_svrun1/3.ethflctc2top_lane_top/ethanashr_dff_rstb_sb.v,ethanashr_dff_rstb_sb
130,/p/hip/wa/yehudabe/flcn3/flc_n3/soswa/ethflctc2top_lane_top_svrun1/3.ethflctc2top_lane_top/ethanashr_reg_32base_units.v,ethanashr_reg_32base_units
131,/p/hip/wa/yehudabe/flcn3/flc_n3/soswa/ethflctc2top_lane_top_svrun1/3.ethflctc2top_lane_top/ethanashr_reg_32base_units_buf.v,ethanashr_reg_32base_units_buf
132,/p/hip/wa/yehudabe/flcn3/flc_n3/soswa/ethflctc2top_lane_top_svrun1/3.ethflctc2top_lane_top/ethanashr_reg_32base_units_buf_vertical.v,ethanashr_reg_32base_units_buf_vertical
133,/p/hip/wa/yehudabe/flcn3/flc_n3/soswa/ethflctc2top_lane_top_svrun1/3.ethflctc2top_lane_top/ethanashr_reg_32base_units_vertical.v,ethanashr_reg_32base_units_vertical
134,/p/hip/wa/yehudabe/flcn3/flc_n3/soswa/ethflctc2top_lane_top_svrun1/3.ethflctc2top_lane_top/ethanashr_reg_32units.v,ethanashr_reg_32units
135,/p/hip/wa/yehudabe/flcn3/flc_n3/soswa/ethflctc2top_lane_top_svrun1/3.ethflctc2top_lane_top/ethanashr_reg_32units_mux_buff.v,ethanashr_reg_32units_mux_buff
136,/p/hip/wa/yehudabe/flcn3/flc_n3/soswa/ethflctc2top_lane_top_svrun1/3.ethflctc2top_lane_top/ethanashr_reg_32units_mux_only.v,ethanashr_reg_32units_mux_only
137,/p/hip/wa/yehudabe/flcn3/flc_n3/soswa/ethflctc2top_lane_top_svrun1/3.ethflctc2top_lane_top/ethanashr_reg_32units_vertical.v,ethanashr_reg_32units_vertical
138,/p/hip/wa/yehudabe/flcn3/flc_n3/soswa/ethflctc2top_lane_top_svrun1/3.ethflctc2top_lane_top/ethanashr_reg_adden.v,ethanashr_reg_adden
139,/p/hip/wa/yehudabe/flcn3/flc_n3/soswa/ethflctc2top_lane_top_svrun1/3.ethflctc2top_lane_top/ethanashr_reg_both_rval_unit.v,ethanashr_reg_both_rval_unit
140,/p/hip/wa/yehudabe/flcn3/flc_n3/soswa/ethflctc2top_lane_top_svrun1/3.ethflctc2top_lane_top/ethanashr_reg_dec_32units.v,ethanashr_reg_dec_32units
141,/p/hip/wa/yehudabe/flcn3/flc_n3/soswa/ethflctc2top_lane_top_svrun1/3.ethflctc2top_lane_top/ethanashr_reg_dec_32units_flip.v,ethanashr_reg_dec_32units_flip
142,/p/hip/wa/yehudabe/flcn3/flc_n3/soswa/ethflctc2top_lane_top_svrun1/3.ethflctc2top_lane_top/ethanashr_reg_select5bits.v,ethanashr_reg_select5bits
143,/p/hip/wa/yehudabe/flcn3/flc_n3/soswa/ethflctc2top_lane_top_svrun1/3.ethflctc2top_lane_top/ethanashr_reg_sniffer.sv,ethanashr_reg_sniffer
144,/p/hip/wa/yehudabe/flcn3/flc_n3/soswa/ethflctc2top_lane_top_svrun1/3.ethflctc2top_lane_top/ethanashr_reg_sniffer_vertical.sv,ethanashr_reg_sniffer_vertical
145,/p/hip/wa/yehudabe/flcn3/flc_n3/soswa/ethflctc2top_lane_top_svrun1/3.ethflctc2top_lane_top/ethanashr_reg_strb_gen.v,ethanashr_reg_strb_gen
146,/p/hip/wa/yehudabe/flcn3/flc_n3/soswa/ethflctc2top_lane_top_svrun1/3.ethflctc2top_lane_top/ethanashr_reg_strb_sunit.v,ethanashr_reg_strb_sunit
147,/p/hip/wa/yehudabe/flcn3/flc_n3/soswa/ethflctc2top_lane_top_svrun1/3.ethflctc2top_lane_top/ethanashr_reg_strb_unit.v,ethanashr_reg_strb_unit
148,/p/hip/wa/yehudabe/flcn3/flc_n3/soswa/ethflctc2top_lane_top_svrun1/3.ethflctc2top_lane_top/ethbrk2adcalign_6bit_sampler.v,ethbrk2adcalign_6bit_sampler
149,/p/hip/wa/yehudabe/flcn3/flc_n3/soswa/ethflctc2top_lane_top_svrun1/3.ethflctc2top_lane_top/ethbrk2adcalign_6bit_sampler_basic.v,ethbrk2adcalign_6bit_sampler_basic
150,/p/hip/wa/yehudabe/flcn3/flc_n3/soswa/ethflctc2top_lane_top_svrun1/3.ethflctc2top_lane_top/ethbrk2adcalign_6bit_smp_buf.v,ethbrk2adcalign_6bit_smp_buf
151,/p/hip/wa/yehudabe/flcn3/flc_n3/soswa/ethflctc2top_lane_top_svrun1/3.ethflctc2top_lane_top/ethbrk2adcalign_a2f_pair.v,ethbrk2adcalign_a2f_pair
152,/p/hip/wa/yehudabe/flcn3/flc_n3/soswa/ethflctc2top_lane_top_svrun1/3.ethflctc2top_lane_top/ethbrk2adcalign_bot_lvlshift.v,ethbrk2adcalign_bot_lvlshift
153,/p/hip/wa/yehudabe/flcn3/flc_n3/soswa/ethflctc2top_lane_top_svrun1/3.ethflctc2top_lane_top/ethbrk2adcalign_ch_buffers.v,ethbrk2adcalign_ch_buffers
154,/p/hip/wa/yehudabe/flcn3/flc_n3/soswa/ethflctc2top_lane_top_svrun1/3.ethflctc2top_lane_top/ethbrk2adcalign_flc_top.v,ethbrk2adcalign_flc_top
155,/p/hip/wa/yehudabe/flcn3/flc_n3/soswa/ethflctc2top_lane_top_svrun1/3.ethflctc2top_lane_top/ethbrk2adcalign_global_align_d_left.v,ethbrk2adcalign_global_align_d_left
156,/p/hip/wa/yehudabe/flcn3/flc_n3/soswa/ethflctc2top_lane_top_svrun1/3.ethflctc2top_lane_top/ethbrk2adcalign_global_align_d_right.v,ethbrk2adcalign_global_align_d_right
157,/p/hip/wa/yehudabe/flcn3/flc_n3/soswa/ethflctc2top_lane_top_svrun1/3.ethflctc2top_lane_top/ethbrk2adcalign_global_align_q_level.v,ethbrk2adcalign_global_align_q_level
158,/p/hip/wa/yehudabe/flcn3/flc_n3/soswa/ethflctc2top_lane_top_svrun1/3.ethflctc2top_lane_top/ethbrk2adcalign_global_align_qvt_level.v,ethbrk2adcalign_global_align_qvt_level
159,/p/hip/wa/yehudabe/flcn3/flc_n3/soswa/ethflctc2top_lane_top_svrun1/3.ethflctc2top_lane_top/ethbrk2adcalign_global_cfg_regs_top.v,ethbrk2adcalign_global_cfg_regs_top
160,/p/hip/wa/yehudabe/flcn3/flc_n3/soswa/ethflctc2top_lane_top_svrun1/3.ethflctc2top_lane_top/ethbrk2adcalign_global_shreg.v,ethbrk2adcalign_global_shreg
161,/p/hip/wa/yehudabe/flcn3/flc_n3/soswa/ethflctc2top_lane_top_svrun1/3.ethflctc2top_lane_top/ethbrk2adcalign_hs_lvlshft.v,ethbrk2adcalign_hs_lvlshft
162,/p/hip/wa/yehudabe/flcn3/flc_n3/soswa/ethflctc2top_lane_top_svrun1/3.ethflctc2top_lane_top/ethbrk2adcalign_lvlhl_AN2D1BWP260H3P45FB1CNODLVT.v,ethbrk2adcalign_lvlhl_AN2D1BWP260H3P45FB1CNODLVT
163,/p/hip/wa/yehudabe/flcn3/flc_n3/soswa/ethflctc2top_lane_top_svrun1/3.ethflctc2top_lane_top/ethbrk2adcalign_pwrgood_buf_0p9.v,ethbrk2adcalign_pwrgood_buf_0p9
164,/p/hip/wa/yehudabe/flcn3/flc_n3/soswa/ethflctc2top_lane_top_svrun1/3.ethflctc2top_lane_top/ethbrk2adcalign_pwrgood_buf_lgc.v,ethbrk2adcalign_pwrgood_buf_lgc
165,/p/hip/wa/yehudabe/flcn3/flc_n3/soswa/ethflctc2top_lane_top_svrun1/3.ethflctc2top_lane_top/ethbrk2adcalign_reg_lvlshift.v,ethbrk2adcalign_reg_lvlshift
166,/p/hip/wa/yehudabe/flcn3/flc_n3/soswa/ethflctc2top_lane_top_svrun1/3.ethflctc2top_lane_top/ethbrk2adcalign_shreg_flop.v,ethbrk2adcalign_shreg_flop
167,/p/hip/wa/yehudabe/flcn3/flc_n3/soswa/ethflctc2top_lane_top_svrun1/3.ethflctc2top_lane_top/ethbrk2adcalign_shreg_hf.v,ethbrk2adcalign_shreg_hf
168,/p/hip/wa/yehudabe/flcn3/flc_n3/soswa/ethflctc2top_lane_top_svrun1/3.ethflctc2top_lane_top/ethbrk2adcalign_top_lvlshift.v,ethbrk2adcalign_top_lvlshift
169,/p/hip/wa/yehudabe/flcn3/flc_n3/soswa/ethflctc2top_lane_top_svrun1/3.ethflctc2top_lane_top/ethbrk2adcfe_pi_prebuff_reg_adddecoder.v,ethbrk2adcfe_pi_prebuff_reg_adddecoder
170,/p/hip/wa/yehudabe/flcn3/flc_n3/soswa/ethflctc2top_lane_top_svrun1/3.ethflctc2top_lane_top/ethbrk2adctop_adc_top_bmod_sniffer.sv,ethbrk2adctop_adc_top_bmod_sniffer
171,/p/hip/wa/yehudabe/flcn3/flc_n3/soswa/ethflctc2top_lane_top_svrun1/3.ethflctc2top_lane_top/ethbrk2comparator_bin2therm.v,ethbrk2comparator_bin2therm
172,/p/hip/wa/yehudabe/flcn3/flc_n3/soswa/ethflctc2top_lane_top_svrun1/3.ethflctc2top_lane_top/ethbrk2comparator_core.sv,ethbrk2comparator_core
173,/p/hip/wa/yehudabe/flcn3/flc_n3/soswa/ethflctc2top_lane_top_svrun1/3.ethflctc2top_lane_top/ethbrk2comparator_logic.v,ethbrk2comparator_logic
174,/p/hip/wa/yehudabe/flcn3/flc_n3/soswa/ethflctc2top_lane_top_svrun1/3.ethflctc2top_lane_top/ethbrk2comparator_ofc_decoder.v,ethbrk2comparator_ofc_decoder
175,/p/hip/wa/yehudabe/flcn3/flc_n3/soswa/ethflctc2top_lane_top_svrun1/3.ethflctc2top_lane_top/ethbrk2comparator_pre_cmp.sv,ethbrk2comparator_pre_cmp
176,/p/hip/wa/yehudabe/flcn3/flc_n3/soswa/ethflctc2top_lane_top_svrun1/3.ethflctc2top_lane_top/ethbrk2comparator_top.v,ethbrk2comparator_top
177,/p/hip/wa/yehudabe/flcn3/flc_n3/soswa/ethflctc2top_lane_top_svrun1/3.ethflctc2top_lane_top/ethbrk2dfx_7g_div_0_4_16.v,ethbrk2dfx_7g_div_0_4_16
178,/p/hip/wa/yehudabe/flcn3/flc_n3/soswa/ethflctc2top_lane_top_svrun1/3.ethflctc2top_lane_top/ethbrk2dfx_a2f_0p6_std.sv,ethbrk2dfx_a2f_0p6_std
179,/p/hip/wa/yehudabe/flcn3/flc_n3/soswa/ethflctc2top_lane_top_svrun1/3.ethflctc2top_lane_top/ethbrk2dfx_dc_mux_afe_fe.v,ethbrk2dfx_dc_mux_afe_fe
180,/p/hip/wa/yehudabe/flcn3/flc_n3/soswa/ethflctc2top_lane_top_svrun1/3.ethflctc2top_lane_top/ethbrk2dfx_dc_svt_sw_with_pull_vref_std.sv,ethbrk2dfx_dc_svt_sw_with_pull_vref_std
181,/p/hip/wa/yehudabe/flcn3/flc_n3/soswa/ethflctc2top_lane_top_svrun1/3.ethflctc2top_lane_top/ethbrk2dfx_dc_sw_svt_6n_half_std.sv,ethbrk2dfx_dc_sw_svt_6n_half_std
182,/p/hip/wa/yehudabe/flcn3/flc_n3/soswa/ethflctc2top_lane_top_svrun1/3.ethflctc2top_lane_top/ethbrk2dfx_dc_vref_mid.sv,ethbrk2dfx_dc_vref_mid
183,/p/hip/wa/yehudabe/flcn3/flc_n3/soswa/ethflctc2top_lane_top_svrun1/3.ethflctc2top_lane_top/ethbrk2dfx_hs_pre_buf.v,ethbrk2dfx_hs_pre_buf
184,/p/hip/wa/yehudabe/flcn3/flc_n3/soswa/ethflctc2top_lane_top_svrun1/3.ethflctc2top_lane_top/ethbrk2dfx_mux_2to1.sv,ethbrk2dfx_mux_2to1
185,/p/hip/wa/yehudabe/flcn3/flc_n3/soswa/ethflctc2top_lane_top_svrun1/3.ethflctc2top_lane_top/ethbrk2dfx_mux_4to1.v,ethbrk2dfx_mux_4to1
186,/p/hip/wa/yehudabe/flcn3/flc_n3/soswa/ethflctc2top_lane_top_svrun1/3.ethflctc2top_lane_top/ethbrk2dfx_supply_mon_mux.v,ethbrk2dfx_supply_mon_mux
187,/p/hip/wa/yehudabe/flcn3/flc_n3/soswa/ethflctc2top_lane_top_svrun1/3.ethflctc2top_lane_top/ethflctc2adcafe_adcfe_decaps.v,ethflctc2adcafe_adcfe_decaps
188,/p/hip/wa/yehudabe/flcn3/flc_n3/soswa/ethflctc2top_lane_top_svrun1/3.ethflctc2top_lane_top/ethflctc2adcafe_adcfe_top.v,ethflctc2adcafe_adcfe_top
189,/p/hip/wa/yehudabe/flcn3/flc_n3/soswa/ethflctc2top_lane_top_svrun1/3.ethflctc2top_lane_top/ethflctc2adcafe_afe_quartet_slice.v,ethflctc2adcafe_afe_quartet_slice
190,/p/hip/wa/yehudabe/flcn3/flc_n3/soswa/ethflctc2top_lane_top_svrun1/3.ethflctc2top_lane_top/ethflctc2adcafe_afe_unit.v,ethflctc2adcafe_afe_unit
191,/p/hip/wa/yehudabe/flcn3/flc_n3/soswa/ethflctc2top_lane_top_svrun1/3.ethflctc2top_lane_top/ethflctc2adcafe_afe_unit_flipped.v,ethflctc2adcafe_afe_unit_flipped
192,/p/hip/wa/yehudabe/flcn3/flc_n3/soswa/ethflctc2top_lane_top_svrun1/3.ethflctc2top_lane_top/ethflctc2adcafe_afe_unit_upperside.v,ethflctc2adcafe_afe_unit_upperside
193,/p/hip/wa/yehudabe/flcn3/flc_n3/soswa/ethflctc2top_lane_top_svrun1/3.ethflctc2top_lane_top/ethflctc2adcafe_bottom_regs.v,ethflctc2adcafe_bottom_regs
194,/p/hip/wa/yehudabe/flcn3/flc_n3/soswa/ethflctc2top_lane_top_svrun1/3.ethflctc2top_lane_top/ethflctc2adcafe_clogic_route_single.v,ethflctc2adcafe_clogic_route_single
195,/p/hip/wa/yehudabe/flcn3/flc_n3/soswa/ethflctc2top_lane_top_svrun1/3.ethflctc2top_lane_top/ethflctc2adcafe_clogic_route_single_wire_only_1.sv,ethflctc2adcafe_clogic_route_single_wire_only_1
196,/p/hip/wa/yehudabe/flcn3/flc_n3/soswa/ethflctc2top_lane_top_svrun1/3.ethflctc2top_lane_top/ethflctc2adcafe_dc_sw_svt_6n_half_pp85.sv,ethflctc2adcafe_dc_sw_svt_6n_half_pp85
197,/p/hip/wa/yehudabe/flcn3/flc_n3/soswa/ethflctc2top_lane_top_svrun1/3.ethflctc2top_lane_top/ethflctc2adcafe_dfx_postbuff_dfx.v,ethflctc2adcafe_dfx_postbuff_dfx
198,/p/hip/wa/yehudabe/flcn3/flc_n3/soswa/ethflctc2top_lane_top_svrun1/3.ethflctc2top_lane_top/ethflctc2adcafe_dfx_svt_sw.v,ethflctc2adcafe_dfx_svt_sw
199,/p/hip/wa/yehudabe/flcn3/flc_n3/soswa/ethflctc2top_lane_top_svrun1/3.ethflctc2top_lane_top/ethflctc2adcafe_inv85_8fins.sv,ethflctc2adcafe_inv85_8fins
200,/p/hip/wa/yehudabe/flcn3/flc_n3/soswa/ethflctc2top_lane_top_svrun1/3.ethflctc2top_lane_top/ethflctc2adcafe_phase_det_and_pi_decap.v,ethflctc2adcafe_phase_det_and_pi_decap
201,/p/hip/wa/yehudabe/flcn3/flc_n3/soswa/ethflctc2top_lane_top_svrun1/3.ethflctc2top_lane_top/ethflctc2adcafe_postbuffer_ana.v,ethflctc2adcafe_postbuffer_ana
202,/p/hip/wa/yehudabe/flcn3/flc_n3/soswa/ethflctc2top_lane_top_svrun1/3.ethflctc2top_lane_top/ethflctc2adcafe_th1_and_driver.v,ethflctc2adcafe_th1_and_driver
203,/p/hip/wa/yehudabe/flcn3/flc_n3/soswa/ethflctc2top_lane_top_svrun1/3.ethflctc2top_lane_top/ethflctc2adcafe_th2_clk_mux_and_dcd.v,ethflctc2adcafe_th2_clk_mux_and_dcd
204,/p/hip/wa/yehudabe/flcn3/flc_n3/soswa/ethflctc2top_lane_top_svrun1/3.ethflctc2top_lane_top/ethflctc2adcafe_top_regs.v,ethflctc2adcafe_top_regs
205,/p/hip/wa/yehudabe/flcn3/flc_n3/soswa/ethflctc2top_lane_top_svrun1/3.ethflctc2top_lane_top/ethflctc2adcffe_cm_rc_ver1.sv,ethflctc2adcffe_cm_rc_ver1
206,/p/hip/wa/yehudabe/flcn3/flc_n3/soswa/ethflctc2top_lane_top_svrun1/3.ethflctc2top_lane_top/ethflctc2adcffe_cmfb_amp_stk.sv,ethflctc2adcffe_cmfb_amp_stk
207,/p/hip/wa/yehudabe/flcn3/flc_n3/soswa/ethflctc2top_lane_top_svrun1/3.ethflctc2top_lane_top/ethflctc2adcffe_dfx_3to8_decoder.v,ethflctc2adcffe_dfx_3to8_decoder
208,/p/hip/wa/yehudabe/flcn3/flc_n3/soswa/ethflctc2top_lane_top_svrun1/3.ethflctc2top_lane_top/ethflctc2adcffe_invx2_str_main.sv,ethflctc2adcffe_invx2_str_main
209,/p/hip/wa/yehudabe/flcn3/flc_n3/soswa/ethflctc2top_lane_top_svrun1/3.ethflctc2top_lane_top/ethflctc2adcffe_invx2_str_main_below_side.sv,ethflctc2adcffe_invx2_str_main_below_side
210,/p/hip/wa/yehudabe/flcn3/flc_n3/soswa/ethflctc2top_lane_top_svrun1/3.ethflctc2top_lane_top/ethflctc2adcffe_invx2_str_main_up_side.sv,ethflctc2adcffe_invx2_str_main_up_side
211,/p/hip/wa/yehudabe/flcn3/flc_n3/soswa/ethflctc2top_lane_top_svrun1/3.ethflctc2top_lane_top/ethflctc2adcffe_lb_top.sv,ethflctc2adcffe_lb_top
212,/p/hip/wa/yehudabe/flcn3/flc_n3/soswa/ethflctc2top_lane_top_svrun1/3.ethflctc2top_lane_top/ethflctc2adcffe_nsf_fvf_top.sv,ethflctc2adcffe_nsf_fvf_top
213,/p/hip/wa/yehudabe/flcn3/flc_n3/soswa/ethflctc2top_lane_top_svrun1/3.ethflctc2top_lane_top/ethflctc2adcffe_ofc_plus_g2t7.sv,ethflctc2adcffe_ofc_plus_g2t7
214,/p/hip/wa/yehudabe/flcn3/flc_n3/soswa/ethflctc2top_lane_top_svrun1/3.ethflctc2top_lane_top/ethflctc2adcffe_pbf_lpf.sv,ethflctc2adcffe_pbf_lpf
215,/p/hip/wa/yehudabe/flcn3/flc_n3/soswa/ethflctc2top_lane_top_svrun1/3.ethflctc2top_lane_top/ethflctc2adcffe_postbuf_gmstage.sv,ethflctc2adcffe_postbuf_gmstage
216,/p/hip/wa/yehudabe/flcn3/flc_n3/soswa/ethflctc2top_lane_top_svrun1/3.ethflctc2top_lane_top/ethflctc2adcffe_th1.sv,ethflctc2adcffe_th1
217,/p/hip/wa/yehudabe/flcn3/flc_n3/soswa/ethflctc2top_lane_top_svrun1/3.ethflctc2top_lane_top/ethflctc2adcffe_th1_drvs.v,ethflctc2adcffe_th1_drvs
218,/p/hip/wa/yehudabe/flcn3/flc_n3/soswa/ethflctc2top_lane_top_svrun1/3.ethflctc2top_lane_top/ethflctc2adcffe_th1_drvs_dfx_power_sw.sv,ethflctc2adcffe_th1_drvs_dfx_power_sw
219,/p/hip/wa/yehudabe/flcn3/flc_n3/soswa/ethflctc2top_lane_top_svrun1/3.ethflctc2top_lane_top/ethflctc2adcffe_trim.v,ethflctc2adcffe_trim
220,/p/hip/wa/yehudabe/flcn3/flc_n3/soswa/ethflctc2top_lane_top_svrun1/3.ethflctc2top_lane_top/ethflctc2adcldo_drv_0p9_v2.sv,ethflctc2adcldo_drv_0p9_v2
221,/p/hip/wa/yehudabe/flcn3/flc_n3/soswa/ethflctc2top_lane_top_svrun1/3.ethflctc2top_lane_top/ethflctc2adcldo_drv_dcap_pi0p7_nooutcap.sv,ethflctc2adcldo_drv_dcap_pi0p7_nooutcap
222,/p/hip/wa/yehudabe/flcn3/flc_n3/soswa/ethflctc2top_lane_top_svrun1/3.ethflctc2top_lane_top/ethflctc2adcldo_ldo_top2.v,ethflctc2adcldo_ldo_top2
223,/p/hip/wa/yehudabe/flcn3/flc_n3/soswa/ethflctc2top_lane_top_svrun1/3.ethflctc2top_lane_top/ethflctc2adcldo_ldo_top_amplifiers.v,ethflctc2adcldo_ldo_top_amplifiers
224,/p/hip/wa/yehudabe/flcn3/flc_n3/soswa/ethflctc2top_lane_top_svrun1/3.ethflctc2top_lane_top/ethflctc2adcldo_ldo_top_core.v,ethflctc2adcldo_ldo_top_core
225,/p/hip/wa/yehudabe/flcn3/flc_n3/soswa/ethflctc2top_lane_top_svrun1/3.ethflctc2top_lane_top/ethflctc2adcldo_ldo_top_dcmon.v,ethflctc2adcldo_ldo_top_dcmon
226,/p/hip/wa/yehudabe/flcn3/flc_n3/soswa/ethflctc2top_lane_top_svrun1/3.ethflctc2top_lane_top/ethflctc2adcldo_ldo_top_dig.v,ethflctc2adcldo_ldo_top_dig
227,/p/hip/wa/yehudabe/flcn3/flc_n3/soswa/ethflctc2top_lane_top_svrun1/3.ethflctc2top_lane_top/ethflctc2adcldo_ldo_top_dig_inv_hv.sv,ethflctc2adcldo_ldo_top_dig_inv_hv
228,/p/hip/wa/yehudabe/flcn3/flc_n3/soswa/ethflctc2top_lane_top_svrun1/3.ethflctc2top_lane_top/ethflctc2adcldo_ldo_top_dig_nand2.sv,ethflctc2adcldo_ldo_top_dig_nand2
229,/p/hip/wa/yehudabe/flcn3/flc_n3/soswa/ethflctc2top_lane_top_svrun1/3.ethflctc2top_lane_top/ethflctc2adcldo_ldo_top_dig_nand3.sv,ethflctc2adcldo_ldo_top_dig_nand3
230,/p/hip/wa/yehudabe/flcn3/flc_n3/soswa/ethflctc2top_lane_top_svrun1/3.ethflctc2top_lane_top/ethflctc2adcldo_ldo_top_dig_pwgd_buf.sv,ethflctc2adcldo_ldo_top_dig_pwgd_buf
231,/p/hip/wa/yehudabe/flcn3/flc_n3/soswa/ethflctc2top_lane_top_svrun1/3.ethflctc2top_lane_top/ethflctc2adcldo_ldo_top_drivers_bottom.v,ethflctc2adcldo_ldo_top_drivers_bottom
232,/p/hip/wa/yehudabe/flcn3/flc_n3/soswa/ethflctc2top_lane_top_svrun1/3.ethflctc2top_lane_top/ethflctc2adcldo_ldo_top_drivers_mid.v,ethflctc2adcldo_ldo_top_drivers_mid
233,/p/hip/wa/yehudabe/flcn3/flc_n3/soswa/ethflctc2top_lane_top_svrun1/3.ethflctc2top_lane_top/ethflctc2adcldo_ldo_top_drivers_upper.sv,ethflctc2adcldo_ldo_top_drivers_upper
234,/p/hip/wa/yehudabe/flcn3/flc_n3/soswa/ethflctc2top_lane_top_svrun1/3.ethflctc2top_lane_top/ethflctc2adcldo_ofc_low_amp.sv,ethflctc2adcldo_ofc_low_amp
235,/p/hip/wa/yehudabe/flcn3/flc_n3/soswa/ethflctc2top_lane_top_svrun1/3.ethflctc2top_lane_top/ethflctc2adcldo_sar_ldo_drv_wrp.sv,ethflctc2adcldo_sar_ldo_drv_wrp
236,/p/hip/wa/yehudabe/flcn3/flc_n3/soswa/ethflctc2top_lane_top_svrun1/3.ethflctc2top_lane_top/ethflctc2adcnsf_instage_channel_dcap.sv,ethflctc2adcnsf_instage_channel_dcap
237,/p/hip/wa/yehudabe/flcn3/flc_n3/soswa/ethflctc2top_lane_top_svrun1/3.ethflctc2top_lane_top/ethflctc2adcnsf_instage_dc.v,ethflctc2adcnsf_instage_dc
238,/p/hip/wa/yehudabe/flcn3/flc_n3/soswa/ethflctc2top_lane_top_svrun1/3.ethflctc2top_lane_top/ethflctc2adcnsf_instage_dc_logic.v,ethflctc2adcnsf_instage_dc_logic
239,/p/hip/wa/yehudabe/flcn3/flc_n3/soswa/ethflctc2top_lane_top_svrun1/3.ethflctc2top_lane_top/ethflctc2adcnsf_instage_dc_reg.v,ethflctc2adcnsf_instage_dc_reg
240,/p/hip/wa/yehudabe/flcn3/flc_n3/soswa/ethflctc2top_lane_top_svrun1/3.ethflctc2top_lane_top/ethflctc2adcnsf_instage_dc_top.v,ethflctc2adcnsf_instage_dc_top
241,/p/hip/wa/yehudabe/flcn3/flc_n3/soswa/ethflctc2top_lane_top_svrun1/3.ethflctc2top_lane_top/ethflctc2adcnsf_instage_odac_wrp.v,ethflctc2adcnsf_instage_odac_wrp
242,/p/hip/wa/yehudabe/flcn3/flc_n3/soswa/ethflctc2top_lane_top_svrun1/3.ethflctc2top_lane_top/ethflctc2adcnsf_instage_stage_ana.sv,ethflctc2adcnsf_instage_stage_ana
243,/p/hip/wa/yehudabe/flcn3/flc_n3/soswa/ethflctc2top_lane_top_svrun1/3.ethflctc2top_lane_top/ethflctc2adcnsf_instage_stage_dcap.sv,ethflctc2adcnsf_instage_stage_dcap
244,/p/hip/wa/yehudabe/flcn3/flc_n3/soswa/ethflctc2top_lane_top_svrun1/3.ethflctc2top_lane_top/ethflctc2adcnsf_instage_stage_logic.v,ethflctc2adcnsf_instage_stage_logic
245,/p/hip/wa/yehudabe/flcn3/flc_n3/soswa/ethflctc2top_lane_top_svrun1/3.ethflctc2top_lane_top/ethflctc2adcnsf_instage_stage_top.v,ethflctc2adcnsf_instage_stage_top
246,/p/hip/wa/yehudabe/flcn3/flc_n3/soswa/ethflctc2top_lane_top_svrun1/3.ethflctc2top_lane_top/ethflctc2adcnsf_instage_swbias.sv,ethflctc2adcnsf_instage_swbias
247,/p/hip/wa/yehudabe/flcn3/flc_n3/soswa/ethflctc2top_lane_top_svrun1/3.ethflctc2top_lane_top/ethflctc2adctop_a2f_H169_std.sv,ethflctc2adctop_a2f_H169_std
248,/p/hip/wa/yehudabe/flcn3/flc_n3/soswa/ethflctc2top_lane_top_svrun1/3.ethflctc2top_lane_top/ethflctc2adctop_adc_top.v,ethflctc2adctop_adc_top
249,/p/hip/wa/yehudabe/flcn3/flc_n3/soswa/ethflctc2top_lane_top_svrun1/3.ethflctc2top_lane_top/ethflctc2adctop_adc_top_th1_sniffer.sv,ethflctc2adctop_adc_top_th1_sniffer
250,/p/hip/wa/yehudabe/flcn3/flc_n3/soswa/ethflctc2top_lane_top_svrun1/3.ethflctc2top_lane_top/ethflctc2adctop_adc_top_th2_sniffer.sv,ethflctc2adctop_adc_top_th2_sniffer
251,/p/hip/wa/yehudabe/flcn3/flc_n3/soswa/ethflctc2top_lane_top_svrun1/3.ethflctc2top_lane_top/ethflctc2adctop_adcafe_dc_blocks.v,ethflctc2adctop_adcafe_dc_blocks
252,/p/hip/wa/yehudabe/flcn3/flc_n3/soswa/ethflctc2top_lane_top_svrun1/3.ethflctc2top_lane_top/ethflctc2adctop_ch_buf.v,ethflctc2adctop_ch_buf
253,/p/hip/wa/yehudabe/flcn3/flc_n3/soswa/ethflctc2top_lane_top_svrun1/3.ethflctc2top_lane_top/ethflctc2adctop_ch_hsmon_mux.v,ethflctc2adctop_ch_hsmon_mux
254,/p/hip/wa/yehudabe/flcn3/flc_n3/soswa/ethflctc2top_lane_top_svrun1/3.ethflctc2top_lane_top/ethflctc2adctop_ch_ls_sarvcc_buf.v,ethflctc2adctop_ch_ls_sarvcc_buf
255,/p/hip/wa/yehudabe/flcn3/flc_n3/soswa/ethflctc2top_lane_top_svrun1/3.ethflctc2top_lane_top/ethflctc2adctop_channel_dfx.v,ethflctc2adctop_channel_dfx
256,/p/hip/wa/yehudabe/flcn3/flc_n3/soswa/ethflctc2top_lane_top_svrun1/3.ethflctc2top_lane_top/ethflctc2adctop_channel_rd_mux_3.v,ethflctc2adctop_channel_rd_mux_3
257,/p/hip/wa/yehudabe/flcn3/flc_n3/soswa/ethflctc2top_lane_top_svrun1/3.ethflctc2top_lane_top/ethflctc2adctop_clk_lpf_1unit_5u_10u.sv,ethflctc2adctop_clk_lpf_1unit_5u_10u
258,/p/hip/wa/yehudabe/flcn3/flc_n3/soswa/ethflctc2top_lane_top_svrun1/3.ethflctc2top_lane_top/ethflctc2adctop_dfx_buf_lvt_16.sv,ethflctc2adctop_dfx_buf_lvt_16
259,/p/hip/wa/yehudabe/flcn3/flc_n3/soswa/ethflctc2top_lane_top_svrun1/3.ethflctc2top_lane_top/ethflctc2adctop_mid_ch_top.v,ethflctc2adctop_mid_ch_top
260,/p/hip/wa/yehudabe/flcn3/flc_n3/soswa/ethflctc2top_lane_top_svrun1/3.ethflctc2top_lane_top/ethflctc2adctop_pstbuf_reg_decoding.v,ethflctc2adctop_pstbuf_reg_decoding
261,/p/hip/wa/yehudabe/flcn3/flc_n3/soswa/ethflctc2top_lane_top_svrun1/3.ethflctc2top_lane_top/ethflctc2adctop_sar_ch_buf.v,ethflctc2adctop_sar_ch_buf
262,/p/hip/wa/yehudabe/flcn3/flc_n3/soswa/ethflctc2top_lane_top_svrun1/3.ethflctc2top_lane_top/ethflctc2adctop_sv_nocon.sv,ethflctc2adctop_sv_nocon
263,/p/hip/wa/yehudabe/flcn3/flc_n3/soswa/ethflctc2top_lane_top_svrun1/3.ethflctc2top_lane_top/ethflctc2afe_core.v,ethflctc2afe_core
264,/p/hip/wa/yehudabe/flcn3/flc_n3/soswa/ethflctc2top_lane_top_svrun1/3.ethflctc2top_lane_top/ethflctc2afe_core_logic.v,ethflctc2afe_core_logic
265,/p/hip/wa/yehudabe/flcn3/flc_n3/soswa/ethflctc2top_lane_top_svrun1/3.ethflctc2top_lane_top/ethflctc2afe_core_rdmyi1.sv,ethflctc2afe_core_rdmyi1
266,/p/hip/wa/yehudabe/flcn3/flc_n3/soswa/ethflctc2top_lane_top_svrun1/3.ethflctc2top_lane_top/ethflctc2afe_core_swmon.v,ethflctc2afe_core_swmon
267,/p/hip/wa/yehudabe/flcn3/flc_n3/soswa/ethflctc2top_lane_top_svrun1/3.ethflctc2top_lane_top/ethflctc2afe_g2t5_lvl2.v,ethflctc2afe_g2t5_lvl2
268,/p/hip/wa/yehudabe/flcn3/flc_n3/soswa/ethflctc2top_lane_top_svrun1/3.ethflctc2top_lane_top/ethflctc2afe_input_network_wrp.sv,ethflctc2afe_input_network_wrp
269,/p/hip/wa/yehudabe/flcn3/flc_n3/soswa/ethflctc2top_lane_top_svrun1/3.ethflctc2top_lane_top/ethflctc2afe_inv_lvt_mac_3n.sv,ethflctc2afe_inv_lvt_mac_3n
270,/p/hip/wa/yehudabe/flcn3/flc_n3/soswa/ethflctc2top_lane_top_svrun1/3.ethflctc2top_lane_top/ethflctc2afe_inv_lvt_mac_6_55.sv,ethflctc2afe_inv_lvt_mac_6_55
271,/p/hip/wa/yehudabe/flcn3/flc_n3/soswa/ethflctc2top_lane_top_svrun1/3.ethflctc2top_lane_top/ethflctc2afe_load_mon.sv,ethflctc2afe_load_mon
272,/p/hip/wa/yehudabe/flcn3/flc_n3/soswa/ethflctc2top_lane_top_svrun1/3.ethflctc2top_lane_top/ethflctc2afe_lpbk_channel.sv,ethflctc2afe_lpbk_channel
273,/p/hip/wa/yehudabe/flcn3/flc_n3/soswa/ethflctc2top_lane_top_svrun1/3.ethflctc2top_lane_top/ethflctc2afe_ls18_n2h.sv,ethflctc2afe_ls18_n2h
274,/p/hip/wa/yehudabe/flcn3/flc_n3/soswa/ethflctc2top_lane_top_svrun1/3.ethflctc2top_lane_top/ethflctc2afe_ls5_n2f_en.sv,ethflctc2afe_ls5_n2f_en
275,/p/hip/wa/yehudabe/flcn3/flc_n3/soswa/ethflctc2top_lane_top_svrun1/3.ethflctc2top_lane_top/ethflctc2afe_ls6_n2fx.sv,ethflctc2afe_ls6_n2fx
276,/p/hip/wa/yehudabe/flcn3/flc_n3/soswa/ethflctc2top_lane_top_svrun1/3.ethflctc2top_lane_top/ethflctc2afe_mon_core_int_wrp.sv,ethflctc2afe_mon_core_int_wrp
277,/p/hip/wa/yehudabe/flcn3/flc_n3/soswa/ethflctc2top_lane_top_svrun1/3.ethflctc2top_lane_top/ethflctc2afe_mon_int_wrp.sv,ethflctc2afe_mon_int_wrp
278,/p/hip/wa/yehudabe/flcn3/flc_n3/soswa/ethflctc2top_lane_top_svrun1/3.ethflctc2top_lane_top/ethflctc2afe_nand2_lvt_mac_6_55.sv,ethflctc2afe_nand2_lvt_mac_6_55
279,/p/hip/wa/yehudabe/flcn3/flc_n3/soswa/ethflctc2top_lane_top_svrun1/3.ethflctc2top_lane_top/ethflctc2afe_odac.v,ethflctc2afe_odac
280,/p/hip/wa/yehudabe/flcn3/flc_n3/soswa/ethflctc2top_lane_top_svrun1/3.ethflctc2top_lane_top/ethflctc2afe_odac_core.sv,ethflctc2afe_odac_core
281,/p/hip/wa/yehudabe/flcn3/flc_n3/soswa/ethflctc2top_lane_top_svrun1/3.ethflctc2top_lane_top/ethflctc2afe_odac_dec.v,ethflctc2afe_odac_dec
282,/p/hip/wa/yehudabe/flcn3/flc_n3/soswa/ethflctc2top_lane_top_svrun1/3.ethflctc2top_lane_top/ethflctc2afe_odac_dec_lvl1.v,ethflctc2afe_odac_dec_lvl1
283,/p/hip/wa/yehudabe/flcn3/flc_n3/soswa/ethflctc2top_lane_top_svrun1/3.ethflctc2top_lane_top/ethflctc2afe_odac_dec_lvl2.v,ethflctc2afe_odac_dec_lvl2
284,/p/hip/wa/yehudabe/flcn3/flc_n3/soswa/ethflctc2top_lane_top_svrun1/3.ethflctc2top_lane_top/ethflctc2afe_odac_dec_msb.v,ethflctc2afe_odac_dec_msb
285,/p/hip/wa/yehudabe/flcn3/flc_n3/soswa/ethflctc2top_lane_top_svrun1/3.ethflctc2top_lane_top/ethflctc2afe_odac_dec_msb_lvl1.v,ethflctc2afe_odac_dec_msb_lvl1
286,/p/hip/wa/yehudabe/flcn3/flc_n3/soswa/ethflctc2top_lane_top_svrun1/3.ethflctc2top_lane_top/ethflctc2afe_odac_dec_msb_lvl2.v,ethflctc2afe_odac_dec_msb_lvl2
287,/p/hip/wa/yehudabe/flcn3/flc_n3/soswa/ethflctc2top_lane_top_svrun1/3.ethflctc2top_lane_top/ethflctc2afe_odac_en.sv,ethflctc2afe_odac_en
288,/p/hip/wa/yehudabe/flcn3/flc_n3/soswa/ethflctc2top_lane_top_svrun1/3.ethflctc2top_lane_top/ethflctc2afe_odac_g2t2.v,ethflctc2afe_odac_g2t2
289,/p/hip/wa/yehudabe/flcn3/flc_n3/soswa/ethflctc2top_lane_top_svrun1/3.ethflctc2top_lane_top/ethflctc2afe_odac_g2t3.v,ethflctc2afe_odac_g2t3
290,/p/hip/wa/yehudabe/flcn3/flc_n3/soswa/ethflctc2top_lane_top_svrun1/3.ethflctc2top_lane_top/ethflctc2afe_odac_g2t4.sv,ethflctc2afe_odac_g2t4
291,/p/hip/wa/yehudabe/flcn3/flc_n3/soswa/ethflctc2top_lane_top_svrun1/3.ethflctc2top_lane_top/ethflctc2afe_odac_g2t6.v,ethflctc2afe_odac_g2t6
292,/p/hip/wa/yehudabe/flcn3/flc_n3/soswa/ethflctc2top_lane_top_svrun1/3.ethflctc2top_lane_top/ethflctc2afe_odac_outres_wrap.sv,ethflctc2afe_odac_outres_wrap
293,/p/hip/wa/yehudabe/flcn3/flc_n3/soswa/ethflctc2top_lane_top_svrun1/3.ethflctc2top_lane_top/ethflctc2afe_odac_wrp.v,ethflctc2afe_odac_wrp
294,/p/hip/wa/yehudabe/flcn3/flc_n3/soswa/ethflctc2top_lane_top_svrun1/3.ethflctc2top_lane_top/ethflctc2afe_refgen.sv,ethflctc2afe_refgen
295,/p/hip/wa/yehudabe/flcn3/flc_n3/soswa/ethflctc2top_lane_top_svrun1/3.ethflctc2top_lane_top/ethflctc2afe_reg_top.v,ethflctc2afe_reg_top
296,/p/hip/wa/yehudabe/flcn3/flc_n3/soswa/ethflctc2top_lane_top_svrun1/3.ethflctc2top_lane_top/ethflctc2afe_st1.sv,ethflctc2afe_st1
297,/p/hip/wa/yehudabe/flcn3/flc_n3/soswa/ethflctc2top_lane_top_svrun1/3.ethflctc2top_lane_top/ethflctc2afe_st123_wrp.v,ethflctc2afe_st123_wrp
298,/p/hip/wa/yehudabe/flcn3/flc_n3/soswa/ethflctc2top_lane_top_svrun1/3.ethflctc2top_lane_top/ethflctc2afe_st2.v,ethflctc2afe_st2
299,/p/hip/wa/yehudabe/flcn3/flc_n3/soswa/ethflctc2top_lane_top_svrun1/3.ethflctc2top_lane_top/ethflctc2afe_st2_core.sv,ethflctc2afe_st2_core
300,/p/hip/wa/yehudabe/flcn3/flc_n3/soswa/ethflctc2top_lane_top_svrun1/3.ethflctc2top_lane_top/ethflctc2afe_st2_wrp_logic.v,ethflctc2afe_st2_wrp_logic
301,/p/hip/wa/yehudabe/flcn3/flc_n3/soswa/ethflctc2top_lane_top_svrun1/3.ethflctc2top_lane_top/ethflctc2afe_st3.v,ethflctc2afe_st3
302,/p/hip/wa/yehudabe/flcn3/flc_n3/soswa/ethflctc2top_lane_top_svrun1/3.ethflctc2top_lane_top/ethflctc2afe_st3_core.sv,ethflctc2afe_st3_core
303,/p/hip/wa/yehudabe/flcn3/flc_n3/soswa/ethflctc2top_lane_top_svrun1/3.ethflctc2top_lane_top/ethflctc2afe_st3_dist_line.sv,ethflctc2afe_st3_dist_line
304,/p/hip/wa/yehudabe/flcn3/flc_n3/soswa/ethflctc2top_lane_top_svrun1/3.ethflctc2top_lane_top/ethflctc2afe_st3_wrp_logic.v,ethflctc2afe_st3_wrp_logic
305,/p/hip/wa/yehudabe/flcn3/flc_n3/soswa/ethflctc2top_lane_top_svrun1/3.ethflctc2top_lane_top/ethflctc2afe_swbias.sv,ethflctc2afe_swbias
306,/p/hip/wa/yehudabe/flcn3/flc_n3/soswa/ethflctc2top_lane_top_svrun1/3.ethflctc2top_lane_top/ethflctc2afe_top.v,ethflctc2afe_top
307,/p/hip/wa/yehudabe/flcn3/flc_n3/soswa/ethflctc2top_lane_top_svrun1/3.ethflctc2top_lane_top/ethflctc2rx_cur_to_adc_wrap.v,ethflctc2rx_cur_to_adc_wrap
308,/p/hip/wa/yehudabe/flcn3/flc_n3/soswa/ethflctc2top_lane_top_svrun1/3.ethflctc2top_lane_top/ethflctc2rx_cur_to_tx_wrap.v,ethflctc2rx_cur_to_tx_wrap
309,/p/hip/wa/yehudabe/flcn3/flc_n3/soswa/ethflctc2top_lane_top_svrun1/3.ethflctc2top_lane_top/ethflctc2rx_dcmon_inputs_wrap.v,ethflctc2rx_dcmon_inputs_wrap
310,/p/hip/wa/yehudabe/flcn3/flc_n3/soswa/ethflctc2top_lane_top_svrun1/3.ethflctc2top_lane_top/ethflctc2rx_dfx_sniffers.sv,ethflctc2rx_dfx_sniffers
311,/p/hip/wa/yehudabe/flcn3/flc_n3/soswa/ethflctc2top_lane_top_svrun1/3.ethflctc2top_lane_top/ethflctc2rx_hsmon_buf.v,ethflctc2rx_hsmon_buf
312,/p/hip/wa/yehudabe/flcn3/flc_n3/soswa/ethflctc2top_lane_top_svrun1/3.ethflctc2top_lane_top/ethflctc2rx_reg_channel.v,ethflctc2rx_reg_channel
313,/p/hip/wa/yehudabe/flcn3/flc_n3/soswa/ethflctc2top_lane_top_svrun1/3.ethflctc2top_lane_top/ethflctc2rx_top.v,ethflctc2rx_top
314,/p/hip/wa/yehudabe/flcn3/flc_n3/soswa/ethflctc2top_lane_top_svrun1/3.ethflctc2top_lane_top/ethflctc2rx_top_hdecaps.v,ethflctc2rx_top_hdecaps
315,/p/hip/wa/yehudabe/flcn3/flc_n3/soswa/ethflctc2top_lane_top_svrun1/3.ethflctc2top_lane_top/ethflctc2top_buffs_station_0p16u_1buffs.v,ethflctc2top_buffs_station_0p16u_1buffs
316,/p/hip/wa/yehudabe/flcn3/flc_n3/soswa/ethflctc2top_lane_top_svrun1/3.ethflctc2top_lane_top/ethflctc2top_buffs_station_0p32u_2buffs.v,ethflctc2top_buffs_station_0p32u_2buffs
317,/p/hip/wa/yehudabe/flcn3/flc_n3/soswa/ethflctc2top_lane_top_svrun1/3.ethflctc2top_lane_top/ethflctc2top_buffs_station_0p72u_21buffs.v,ethflctc2top_buffs_station_0p72u_21buffs
318,/p/hip/wa/yehudabe/flcn3/flc_n3/soswa/ethflctc2top_lane_top_svrun1/3.ethflctc2top_lane_top/ethflctc2top_buffs_station_0p72u_21buffs_outputs.v,ethflctc2top_buffs_station_0p72u_21buffs_outputs
319,/p/hip/wa/yehudabe/flcn3/flc_n3/soswa/ethflctc2top_lane_top_svrun1/3.ethflctc2top_lane_top/ethflctc2top_channel_1_4stations.v,ethflctc2top_channel_1_4stations
320,/p/hip/wa/yehudabe/flcn3/flc_n3/soswa/ethflctc2top_lane_top_svrun1/3.ethflctc2top_lane_top/ethflctc2top_channel_1_4stations_outputs.v,ethflctc2top_channel_1_4stations_outputs
321,/p/hip/wa/yehudabe/flcn3/flc_n3/soswa/ethflctc2top_lane_top_svrun1/3.ethflctc2top_lane_top/ethflctc2top_channel_21_6stations.v,ethflctc2top_channel_21_6stations
322,/p/hip/wa/yehudabe/flcn3/flc_n3/soswa/ethflctc2top_lane_top_svrun1/3.ethflctc2top_lane_top/ethflctc2top_channel_21_6stations_outputs.v,ethflctc2top_channel_21_6stations_outputs
323,/p/hip/wa/yehudabe/flcn3/flc_n3/soswa/ethflctc2top_lane_top_svrun1/3.ethflctc2top_lane_top/ethflctc2top_channel_21_6stations_shorter.v,ethflctc2top_channel_21_6stations_shorter
324,/p/hip/wa/yehudabe/flcn3/flc_n3/soswa/ethflctc2top_lane_top_svrun1/3.ethflctc2top_lane_top/ethflctc2top_channel_21_6stations_shorter_outputs.v,ethflctc2top_channel_21_6stations_shorter_outputs
325,/p/hip/wa/yehudabe/flcn3/flc_n3/soswa/ethflctc2top_lane_top_svrun1/3.ethflctc2top_lane_top/ethflctc2top_channel_2_2stations.v,ethflctc2top_channel_2_2stations
326,/p/hip/wa/yehudabe/flcn3/flc_n3/soswa/ethflctc2top_lane_top_svrun1/3.ethflctc2top_lane_top/ethflctc2top_horizontal_channel.v,ethflctc2top_horizontal_channel
327,/p/hip/wa/yehudabe/flcn3/flc_n3/soswa/ethflctc2top_lane_top_svrun1/3.ethflctc2top_lane_top/ethflctc2top_iso_signal_tree.v,ethflctc2top_iso_signal_tree
328,/p/hip/wa/yehudabe/flcn3/flc_n3/soswa/ethflctc2top_lane_top_svrun1/3.ethflctc2top_lane_top/ethflctc2top_iso_signal_tree_1to4.v,ethflctc2top_iso_signal_tree_1to4
329,/p/hip/wa/yehudabe/flcn3/flc_n3/soswa/ethflctc2top_lane_top_svrun1/3.ethflctc2top_lane_top/ethflctc2top_lane_top.v,ethflctc2top_lane_top
330,/p/hip/wa/yehudabe/flcn3/flc_n3/soswa/ethflctc2top_lane_top_svrun1/3.ethflctc2top_lane_top/ethflctc2top_left_canal.v,ethflctc2top_left_canal
331,/p/hip/wa/yehudabe/flcn3/flc_n3/soswa/ethflctc2top_lane_top_svrun1/3.ethflctc2top_lane_top/ethflctc2top_left_ch_sig2right.v,ethflctc2top_left_ch_sig2right
332,/p/hip/wa/yehudabe/flcn3/flc_n3/soswa/ethflctc2top_lane_top_svrun1/3.ethflctc2top_lane_top/ethflctc2top_lvl_station_0p72u_21buffs.v,ethflctc2top_lvl_station_0p72u_21buffs
333,/p/hip/wa/yehudabe/flcn3/flc_n3/soswa/ethflctc2top_lane_top_svrun1/3.ethflctc2top_lane_top/ethflctc2top_lvl_station_0p72u_21buffs_h2l.v,ethflctc2top_lvl_station_0p72u_21buffs_h2l
334,/p/hip/wa/yehudabe/flcn3/flc_n3/soswa/ethflctc2top_lane_top_svrun1/3.ethflctc2top_lane_top/ethflctc2top_lvl_station_1buffs.v,ethflctc2top_lvl_station_1buffs
335,/p/hip/wa/yehudabe/flcn3/flc_n3/soswa/ethflctc2top_lane_top_svrun1/3.ethflctc2top_lane_top/ethflctc2top_lvl_station_1buffs_h2l.v,ethflctc2top_lvl_station_1buffs_h2l
336,/p/hip/wa/yehudabe/flcn3/flc_n3/soswa/ethflctc2top_lane_top_svrun1/3.ethflctc2top_lane_top/ethflctc2top_lvl_station_2buffs_h2l.v,ethflctc2top_lvl_station_2buffs_h2l
337,/p/hip/wa/yehudabe/flcn3/flc_n3/soswa/ethflctc2top_lane_top_svrun1/3.ethflctc2top_lane_top/ethflctc2top_refclk_buffer_top_new.v,ethflctc2top_refclk_buffer_top_new
338,/p/hip/wa/yehudabe/flcn3/flc_n3/soswa/ethflctc2top_lane_top_svrun1/3.ethflctc2top_lane_top/ethflctc2top_right_canal_260.v,ethflctc2top_right_canal_260
339,/p/hip/wa/yehudabe/flcn3/flc_n3/soswa/ethflctc2top_lane_top_svrun1/3.ethflctc2top_lane_top/ethflctc2top_tx_path_sync_260.v,ethflctc2top_tx_path_sync_260
340,/p/hip/wa/yehudabe/flcn3/flc_n3/soswa/ethflctc2top_lane_top_svrun1/3.ethflctc2top_lane_top/ethflctc2top_txdata_lvlsh_ff_x16_260.v,ethflctc2top_txdata_lvlsh_ff_x16_260
341,/p/hip/wa/yehudabe/flcn3/flc_n3/soswa/ethflctc2top_lane_top_svrun1/3.ethflctc2top_lane_top/ethflctc2top_txdata_lvlsh_ff_x1_260.v,ethflctc2top_txdata_lvlsh_ff_x1_260
342,/p/hip/wa/yehudabe/flcn3/flc_n3/soswa/ethflctc2top_lane_top_svrun1/3.ethflctc2top_lane_top/ethflctc2top_txdata_lvlsh_ff_x1_260_m0.v,ethflctc2top_txdata_lvlsh_ff_x1_260_m0
343,/p/hip/wa/yehudabe/flcn3/flc_n3/soswa/ethflctc2top_lane_top_svrun1/3.ethflctc2top_lane_top/ethflctc2top_txdata_lvlsh_ff_x1_oneside_260.v,ethflctc2top_txdata_lvlsh_ff_x1_oneside_260
344,/p/hip/wa/yehudabe/flcn3/flc_n3/soswa/ethflctc2top_lane_top_svrun1/3.ethflctc2top_lane_top/ethflctc2top_txdata_lvlsh_ff_x1_oneside_260_m0.v,ethflctc2top_txdata_lvlsh_ff_x1_oneside_260_m0
345,/p/hip/wa/yehudabe/flcn3/flc_n3/soswa/ethflctc2top_lane_top_svrun1/3.ethflctc2top_lane_top/ethflctc2top_txdata_lvlsh_ff_x2_260.v,ethflctc2top_txdata_lvlsh_ff_x2_260
346,/p/hip/wa/yehudabe/flcn3/flc_n3/soswa/ethflctc2top_lane_top_svrun1/3.ethflctc2top_lane_top/ethflctc2top_txdata_lvlsh_ff_x2_260_m0.v,ethflctc2top_txdata_lvlsh_ff_x2_260_m0
347,/p/hip/wa/yehudabe/flcn3/flc_n3/soswa/ethflctc2top_lane_top_svrun1/3.ethflctc2top_lane_top/ethflctc2top_txdata_lvlsh_ff_x4_260.v,ethflctc2top_txdata_lvlsh_ff_x4_260
348,/p/hip/wa/yehudabe/flcn3/flc_n3/soswa/ethflctc2top_lane_top_svrun1/3.ethflctc2top_lane_top/ethflctc2top_txdata_lvlsh_ff_x4_260_m0.v,ethflctc2top_txdata_lvlsh_ff_x4_260_m0
349,/p/hip/wa/yehudabe/flcn3/flc_n3/soswa/ethflctc2top_lane_top_svrun1/3.ethflctc2top_lane_top/ethflctc2top_txdata_lvlsh_ff_x8_260.v,ethflctc2top_txdata_lvlsh_ff_x8_260
350,/p/hip/wa/yehudabe/flcn3/flc_n3/soswa/ethflctc2top_lane_top_svrun1/3.ethflctc2top_lane_top/ethflctc2top_txdata_lvlsh_ff_x8_260_m0.v,ethflctc2top_txdata_lvlsh_ff_x8_260_m0
351,/p/hip/wa/yehudabe/flcn3/flc_n3/soswa/ethflctc2top_lane_top_svrun1/3.ethflctc2top_lane_top/ethflctc2tx_top.sv,ethflctc2tx_top
352,/p/hip/wa/yehudabe/flcn3/flc_n3/soswa/ethflctc2top_lane_top_svrun1/3.ethflctc2top_lane_top/ethflctc2v1adcclkgen_3_st_flc_high_speed_path_4ph_ulvt_t.v,ethflctc2v1adcclkgen_3_st_flc_high_speed_path_4ph_ulvt_t
353,/p/hip/wa/yehudabe/flcn3/flc_n3/soswa/ethflctc2top_lane_top_svrun1/3.ethflctc2top_lane_top/ethflctc2v1adcclkgen_3_st_flc_high_speed_path_test1.sv,ethflctc2v1adcclkgen_3_st_flc_high_speed_path_test1
354,/p/hip/wa/yehudabe/flcn3/flc_n3/soswa/ethflctc2top_lane_top_svrun1/3.ethflctc2top_lane_top/ethflctc2v1adcclkgen_4phase_connector_0.v,ethflctc2v1adcclkgen_4phase_connector_0
355,/p/hip/wa/yehudabe/flcn3/flc_n3/soswa/ethflctc2top_lane_top_svrun1/3.ethflctc2top_lane_top/ethflctc2v1adcclkgen_4phase_connector_1.v,ethflctc2v1adcclkgen_4phase_connector_1
356,/p/hip/wa/yehudabe/flcn3/flc_n3/soswa/ethflctc2top_lane_top_svrun1/3.ethflctc2top_lane_top/ethflctc2v1adcclkgen_4phase_connector_10.v,ethflctc2v1adcclkgen_4phase_connector_10
357,/p/hip/wa/yehudabe/flcn3/flc_n3/soswa/ethflctc2top_lane_top_svrun1/3.ethflctc2top_lane_top/ethflctc2v1adcclkgen_4phase_connector_11.v,ethflctc2v1adcclkgen_4phase_connector_11
358,/p/hip/wa/yehudabe/flcn3/flc_n3/soswa/ethflctc2top_lane_top_svrun1/3.ethflctc2top_lane_top/ethflctc2v1adcclkgen_4phase_connector_12.v,ethflctc2v1adcclkgen_4phase_connector_12
359,/p/hip/wa/yehudabe/flcn3/flc_n3/soswa/ethflctc2top_lane_top_svrun1/3.ethflctc2top_lane_top/ethflctc2v1adcclkgen_4phase_connector_13.v,ethflctc2v1adcclkgen_4phase_connector_13
360,/p/hip/wa/yehudabe/flcn3/flc_n3/soswa/ethflctc2top_lane_top_svrun1/3.ethflctc2top_lane_top/ethflctc2v1adcclkgen_4phase_connector_14.v,ethflctc2v1adcclkgen_4phase_connector_14
361,/p/hip/wa/yehudabe/flcn3/flc_n3/soswa/ethflctc2top_lane_top_svrun1/3.ethflctc2top_lane_top/ethflctc2v1adcclkgen_4phase_connector_15.v,ethflctc2v1adcclkgen_4phase_connector_15
362,/p/hip/wa/yehudabe/flcn3/flc_n3/soswa/ethflctc2top_lane_top_svrun1/3.ethflctc2top_lane_top/ethflctc2v1adcclkgen_4phase_connector_2.v,ethflctc2v1adcclkgen_4phase_connector_2
363,/p/hip/wa/yehudabe/flcn3/flc_n3/soswa/ethflctc2top_lane_top_svrun1/3.ethflctc2top_lane_top/ethflctc2v1adcclkgen_4phase_connector_3.v,ethflctc2v1adcclkgen_4phase_connector_3
364,/p/hip/wa/yehudabe/flcn3/flc_n3/soswa/ethflctc2top_lane_top_svrun1/3.ethflctc2top_lane_top/ethflctc2v1adcclkgen_4phase_connector_4.v,ethflctc2v1adcclkgen_4phase_connector_4
365,/p/hip/wa/yehudabe/flcn3/flc_n3/soswa/ethflctc2top_lane_top_svrun1/3.ethflctc2top_lane_top/ethflctc2v1adcclkgen_4phase_connector_5.v,ethflctc2v1adcclkgen_4phase_connector_5
366,/p/hip/wa/yehudabe/flcn3/flc_n3/soswa/ethflctc2top_lane_top_svrun1/3.ethflctc2top_lane_top/ethflctc2v1adcclkgen_4phase_connector_6.v,ethflctc2v1adcclkgen_4phase_connector_6
367,/p/hip/wa/yehudabe/flcn3/flc_n3/soswa/ethflctc2top_lane_top_svrun1/3.ethflctc2top_lane_top/ethflctc2v1adcclkgen_4phase_connector_7.v,ethflctc2v1adcclkgen_4phase_connector_7
368,/p/hip/wa/yehudabe/flcn3/flc_n3/soswa/ethflctc2top_lane_top_svrun1/3.ethflctc2top_lane_top/ethflctc2v1adcclkgen_4phase_connector_8.v,ethflctc2v1adcclkgen_4phase_connector_8
369,/p/hip/wa/yehudabe/flcn3/flc_n3/soswa/ethflctc2top_lane_top_svrun1/3.ethflctc2top_lane_top/ethflctc2v1adcclkgen_4phase_connector_9.v,ethflctc2v1adcclkgen_4phase_connector_9
370,/p/hip/wa/yehudabe/flcn3/flc_n3/soswa/ethflctc2top_lane_top_svrun1/3.ethflctc2top_lane_top/ethflctc2v1adcclkgen_4phase_routing.v,ethflctc2v1adcclkgen_4phase_routing
371,/p/hip/wa/yehudabe/flcn3/flc_n3/soswa/ethflctc2top_lane_top_svrun1/3.ethflctc2top_lane_top/ethflctc2v1adcclkgen_and_4_85pp_svt.sv,ethflctc2v1adcclkgen_and_4_85pp_svt
372,/p/hip/wa/yehudabe/flcn3/flc_n3/soswa/ethflctc2top_lane_top_svrun1/3.ethflctc2top_lane_top/ethflctc2v1adcclkgen_and_4_85pp_ulvt.sv,ethflctc2v1adcclkgen_and_4_85pp_ulvt
373,/p/hip/wa/yehudabe/flcn3/flc_n3/soswa/ethflctc2top_lane_top_svrun1/3.ethflctc2top_lane_top/ethflctc2v1adcclkgen_buf_flc_high_speed_path_4ph.v,ethflctc2v1adcclkgen_buf_flc_high_speed_path_4ph
374,/p/hip/wa/yehudabe/flcn3/flc_n3/soswa/ethflctc2top_lane_top_svrun1/3.ethflctc2top_lane_top/ethflctc2v1adcclkgen_buf_flc_high_speed_path_v.sv,ethflctc2v1adcclkgen_buf_flc_high_speed_path_v
375,/p/hip/wa/yehudabe/flcn3/flc_n3/soswa/ethflctc2top_lane_top_svrun1/3.ethflctc2top_lane_top/ethflctc2v1adcclkgen_buffer_x2_v3.sv,ethflctc2v1adcclkgen_buffer_x2_v3
376,/p/hip/wa/yehudabe/flcn3/flc_n3/soswa/ethflctc2top_lane_top_svrun1/3.ethflctc2top_lane_top/ethflctc2v1adcclkgen_buffer_x4_v2_ulvt.sv,ethflctc2v1adcclkgen_buffer_x4_v2_ulvt
377,/p/hip/wa/yehudabe/flcn3/flc_n3/soswa/ethflctc2top_lane_top_svrun1/3.ethflctc2top_lane_top/ethflctc2v1adcclkgen_clk_mntr_routing_tri_m12_qrt.sv,ethflctc2v1adcclkgen_clk_mntr_routing_tri_m12_qrt
378,/p/hip/wa/yehudabe/flcn3/flc_n3/soswa/ethflctc2top_lane_top_svrun1/3.ethflctc2top_lane_top/ethflctc2v1adcclkgen_clk_mntr_routing_tri_m12_v2.v,ethflctc2v1adcclkgen_clk_mntr_routing_tri_m12_v2
379,/p/hip/wa/yehudabe/flcn3/flc_n3/soswa/ethflctc2top_lane_top_svrun1/3.ethflctc2top_lane_top/ethflctc2v1adcclkgen_clk_mntr_trixinv_div3.sv,ethflctc2v1adcclkgen_clk_mntr_trixinv_div3
380,/p/hip/wa/yehudabe/flcn3/flc_n3/soswa/ethflctc2top_lane_top_svrun1/3.ethflctc2top_lane_top/ethflctc2v1adcclkgen_clk_path.v,ethflctc2v1adcclkgen_clk_path
381,/p/hip/wa/yehudabe/flcn3/flc_n3/soswa/ethflctc2top_lane_top_svrun1/3.ethflctc2top_lane_top/ethflctc2v1adcclkgen_clk_path_dfx.v,ethflctc2v1adcclkgen_clk_path_dfx
382,/p/hip/wa/yehudabe/flcn3/flc_n3/soswa/ethflctc2top_lane_top_svrun1/3.ethflctc2top_lane_top/ethflctc2v1adcclkgen_clk_path_reg_all.v,ethflctc2v1adcclkgen_clk_path_reg_all
383,/p/hip/wa/yehudabe/flcn3/flc_n3/soswa/ethflctc2top_lane_top_svrun1/3.ethflctc2top_lane_top/ethflctc2v1adcclkgen_clk_to_logic_main_block.v,ethflctc2v1adcclkgen_clk_to_logic_main_block
384,/p/hip/wa/yehudabe/flcn3/flc_n3/soswa/ethflctc2top_lane_top_svrun1/3.ethflctc2top_lane_top/ethflctc2v1adcclkgen_clkmntr_switch.sv,ethflctc2v1adcclkgen_clkmntr_switch
385,/p/hip/wa/yehudabe/flcn3/flc_n3/soswa/ethflctc2top_lane_top_svrun1/3.ethflctc2top_lane_top/ethflctc2v1adcclkgen_dc_svt_6n_pull_vref.sv,ethflctc2v1adcclkgen_dc_svt_6n_pull_vref
386,/p/hip/wa/yehudabe/flcn3/flc_n3/soswa/ethflctc2top_lane_top_svrun1/3.ethflctc2top_lane_top/ethflctc2v1adcclkgen_dcmon_summer_dfx_svt.sv,ethflctc2v1adcclkgen_dcmon_summer_dfx_svt
387,/p/hip/wa/yehudabe/flcn3/flc_n3/soswa/ethflctc2top_lane_top_svrun1/3.ethflctc2top_lane_top/ethflctc2v1adcclkgen_dcmon_summer_dfx_v1_svt.sv,ethflctc2v1adcclkgen_dcmon_summer_dfx_v1_svt
388,/p/hip/wa/yehudabe/flcn3/flc_n3/soswa/ethflctc2top_lane_top_svrun1/3.ethflctc2top_lane_top/ethflctc2v1adcclkgen_dco_mux.v,ethflctc2v1adcclkgen_dco_mux
389,/p/hip/wa/yehudabe/flcn3/flc_n3/soswa/ethflctc2top_lane_top_svrun1/3.ethflctc2top_lane_top/ethflctc2v1adcclkgen_dfx_sw.sv,ethflctc2v1adcclkgen_dfx_sw
390,/p/hip/wa/yehudabe/flcn3/flc_n3/soswa/ethflctc2top_lane_top_svrun1/3.ethflctc2top_lane_top/ethflctc2v1adcclkgen_dfx_sw_ulvt.sv,ethflctc2v1adcclkgen_dfx_sw_ulvt
391,/p/hip/wa/yehudabe/flcn3/flc_n3/soswa/ethflctc2top_lane_top_svrun1/3.ethflctc2top_lane_top/ethflctc2v1adcclkgen_div2dco_hs_custom_dcmon_dfx.sv,ethflctc2v1adcclkgen_div2dco_hs_custom_dcmon_dfx
392,/p/hip/wa/yehudabe/flcn3/flc_n3/soswa/ethflctc2top_lane_top_svrun1/3.ethflctc2top_lane_top/ethflctc2v1adcclkgen_dividers_bk_to_bk_end.sv,ethflctc2v1adcclkgen_dividers_bk_to_bk_end
393,/p/hip/wa/yehudabe/flcn3/flc_n3/soswa/ethflctc2top_lane_top_svrun1/3.ethflctc2top_lane_top/ethflctc2v1adcclkgen_dividers_buffers_hs.v,ethflctc2v1adcclkgen_dividers_buffers_hs
394,/p/hip/wa/yehudabe/flcn3/flc_n3/soswa/ethflctc2top_lane_top_svrun1/3.ethflctc2top_lane_top/ethflctc2v1adcclkgen_dividers_divby10.v,ethflctc2v1adcclkgen_dividers_divby10
395,/p/hip/wa/yehudabe/flcn3/flc_n3/soswa/ethflctc2top_lane_top_svrun1/3.ethflctc2top_lane_top/ethflctc2v1adcclkgen_dividers_divby8px.v,ethflctc2v1adcclkgen_dividers_divby8px
396,/p/hip/wa/yehudabe/flcn3/flc_n3/soswa/ethflctc2top_lane_top_svrun1/3.ethflctc2top_lane_top/ethflctc2v1adcclkgen_dividers_global_dividers_FB6.v,ethflctc2v1adcclkgen_dividers_global_dividers_FB6
397,/p/hip/wa/yehudabe/flcn3/flc_n3/soswa/ethflctc2top_lane_top_svrun1/3.ethflctc2top_lane_top/ethflctc2v1adcclkgen_dividers_logic_block_svt.v,ethflctc2v1adcclkgen_dividers_logic_block_svt
398,/p/hip/wa/yehudabe/flcn3/flc_n3/soswa/ethflctc2top_lane_top_svrun1/3.ethflctc2top_lane_top/ethflctc2v1adcclkgen_dividers_nand_hs.sv,ethflctc2v1adcclkgen_dividers_nand_hs
399,/p/hip/wa/yehudabe/flcn3/flc_n3/soswa/ethflctc2top_lane_top_svrun1/3.ethflctc2top_lane_top/ethflctc2v1adcclkgen_dividers_rst_sync.v,ethflctc2v1adcclkgen_dividers_rst_sync
400,/p/hip/wa/yehudabe/flcn3/flc_n3/soswa/ethflctc2top_lane_top_svrun1/3.ethflctc2top_lane_top/ethflctc2v1adcclkgen_dividers_rst_sync_div4.v,ethflctc2v1adcclkgen_dividers_rst_sync_div4
401,/p/hip/wa/yehudabe/flcn3/flc_n3/soswa/ethflctc2top_lane_top_svrun1/3.ethflctc2top_lane_top/ethflctc2v1adcclkgen_dividers_single_to_diff.sv,ethflctc2v1adcclkgen_dividers_single_to_diff
402,/p/hip/wa/yehudabe/flcn3/flc_n3/soswa/ethflctc2top_lane_top_svrun1/3.ethflctc2top_lane_top/ethflctc2v1adcclkgen_dividers_switch_high_speed.sv,ethflctc2v1adcclkgen_dividers_switch_high_speed
403,/p/hip/wa/yehudabe/flcn3/flc_n3/soswa/ethflctc2top_lane_top_svrun1/3.ethflctc2top_lane_top/ethflctc2v1adcclkgen_divtop.v,ethflctc2v1adcclkgen_divtop
404,/p/hip/wa/yehudabe/flcn3/flc_n3/soswa/ethflctc2top_lane_top_svrun1/3.ethflctc2top_lane_top/ethflctc2v1adcclkgen_divtop_buffers.v,ethflctc2v1adcclkgen_divtop_buffers
405,/p/hip/wa/yehudabe/flcn3/flc_n3/soswa/ethflctc2top_lane_top_svrun1/3.ethflctc2top_lane_top/ethflctc2v1adcclkgen_high_speed7g_clk_path.v,ethflctc2v1adcclkgen_high_speed7g_clk_path
406,/p/hip/wa/yehudabe/flcn3/flc_n3/soswa/ethflctc2top_lane_top_svrun1/3.ethflctc2top_lane_top/ethflctc2v1adcclkgen_high_speed_clk_path.v,ethflctc2v1adcclkgen_high_speed_clk_path
407,/p/hip/wa/yehudabe/flcn3/flc_n3/soswa/ethflctc2top_lane_top_svrun1/3.ethflctc2top_lane_top/ethflctc2v1adcclkgen_hs_dc_mon_logic_dfx_svt.v,ethflctc2v1adcclkgen_hs_dc_mon_logic_dfx_svt
408,/p/hip/wa/yehudabe/flcn3/flc_n3/soswa/ethflctc2top_lane_top_svrun1/3.ethflctc2top_lane_top/ethflctc2v1adcclkgen_hsmon_summer_dfx_svt.v,ethflctc2v1adcclkgen_hsmon_summer_dfx_svt
409,/p/hip/wa/yehudabe/flcn3/flc_n3/soswa/ethflctc2top_lane_top_svrun1/3.ethflctc2top_lane_top/ethflctc2v1adcclkgen_indo_hsmon_dfx.sv,ethflctc2v1adcclkgen_indo_hsmon_dfx
410,/p/hip/wa/yehudabe/flcn3/flc_n3/soswa/ethflctc2top_lane_top_svrun1/3.ethflctc2top_lane_top/ethflctc2v1adcclkgen_logic_buff_svt.v,ethflctc2v1adcclkgen_logic_buff_svt
411,/p/hip/wa/yehudabe/flcn3/flc_n3/soswa/ethflctc2top_lane_top_svrun1/3.ethflctc2top_lane_top/ethflctc2v1adcclkgen_logic_controls_hierarchy.v,ethflctc2v1adcclkgen_logic_controls_hierarchy
412,/p/hip/wa/yehudabe/flcn3/flc_n3/soswa/ethflctc2top_lane_top_svrun1/3.ethflctc2top_lane_top/ethflctc2v1adcclkgen_lpf_dcmon.sv,ethflctc2v1adcclkgen_lpf_dcmon
413,/p/hip/wa/yehudabe/flcn3/flc_n3/soswa/ethflctc2top_lane_top_svrun1/3.ethflctc2top_lane_top/ethflctc2v1adcclkgen_ls_skew_detector.v,ethflctc2v1adcclkgen_ls_skew_detector
414,/p/hip/wa/yehudabe/flcn3/flc_n3/soswa/ethflctc2top_lane_top_svrun1/3.ethflctc2top_lane_top/ethflctc2v1adcclkgen_mid_low_frq_path.v,ethflctc2v1adcclkgen_mid_low_frq_path
415,/p/hip/wa/yehudabe/flcn3/flc_n3/soswa/ethflctc2top_lane_top_svrun1/3.ethflctc2top_lane_top/ethflctc2v1adcclkgen_pd_nand.sv,ethflctc2v1adcclkgen_pd_nand
416,/p/hip/wa/yehudabe/flcn3/flc_n3/soswa/ethflctc2top_lane_top_svrun1/3.ethflctc2top_lane_top/ethflctc2v1adcclkgen_pd_rc_filter.v,ethflctc2v1adcclkgen_pd_rc_filter
417,/p/hip/wa/yehudabe/flcn3/flc_n3/soswa/ethflctc2top_lane_top_svrun1/3.ethflctc2top_lane_top/ethflctc2v1adcclkgen_phase_det_lpf.sv,ethflctc2v1adcclkgen_phase_det_lpf
418,/p/hip/wa/yehudabe/flcn3/flc_n3/soswa/ethflctc2top_lane_top_svrun1/3.ethflctc2top_lane_top/ethflctc2v1adcclkgen_phase_det_pullup_dn.sv,ethflctc2v1adcclkgen_phase_det_pullup_dn
419,/p/hip/wa/yehudabe/flcn3/flc_n3/soswa/ethflctc2top_lane_top_svrun1/3.ethflctc2top_lane_top/ethflctc2v1adcclkgen_phase_det_tri_rev3.v,ethflctc2v1adcclkgen_phase_det_tri_rev3
420,/p/hip/wa/yehudabe/flcn3/flc_n3/soswa/ethflctc2top_lane_top_svrun1/3.ethflctc2top_lane_top/ethflctc2v1adcclkgen_phgen_qdiv_2_v.v,ethflctc2v1adcclkgen_phgen_qdiv_2_v
421,/p/hip/wa/yehudabe/flcn3/flc_n3/soswa/ethflctc2top_lane_top_svrun1/3.ethflctc2top_lane_top/ethflctc2v1adcclkgen_phgen_qdivlat_2_v.sv,ethflctc2v1adcclkgen_phgen_qdivlat_2_v
422,/p/hip/wa/yehudabe/flcn3/flc_n3/soswa/ethflctc2top_lane_top_svrun1/3.ethflctc2top_lane_top/ethflctc2v1adcclkgen_pi_prev_next_ph_routing_v1_m6_m8.sv,ethflctc2v1adcclkgen_pi_prev_next_ph_routing_v1_m6_m8
423,/p/hip/wa/yehudabe/flcn3/flc_n3/soswa/ethflctc2top_lane_top_svrun1/3.ethflctc2top_lane_top/ethflctc2v1adcclkgen_pislice_wrap.sv,ethflctc2v1adcclkgen_pislice_wrap
424,/p/hip/wa/yehudabe/flcn3/flc_n3/soswa/ethflctc2top_lane_top_svrun1/3.ethflctc2top_lane_top/ethflctc2v1adcclkgen_pkd_dec_std_svt.v,ethflctc2v1adcclkgen_pkd_dec_std_svt
425,/p/hip/wa/yehudabe/flcn3/flc_n3/soswa/ethflctc2top_lane_top_svrun1/3.ethflctc2top_lane_top/ethflctc2v1adcclkgen_pkd_top.sv,ethflctc2v1adcclkgen_pkd_top
426,/p/hip/wa/yehudabe/flcn3/flc_n3/soswa/ethflctc2top_lane_top_svrun1/3.ethflctc2top_lane_top/ethflctc2v1adcclkgen_pmos_wrapper.v,ethflctc2v1adcclkgen_pmos_wrapper
427,/p/hip/wa/yehudabe/flcn3/flc_n3/soswa/ethflctc2top_lane_top_svrun1/3.ethflctc2top_lane_top/ethflctc2v1adcclkgen_ring_osc.v,ethflctc2v1adcclkgen_ring_osc
428,/p/hip/wa/yehudabe/flcn3/flc_n3/soswa/ethflctc2top_lane_top_svrun1/3.ethflctc2top_lane_top/ethflctc2v1adcclkgen_ring_osc_buffers.sv,ethflctc2v1adcclkgen_ring_osc_buffers
429,/p/hip/wa/yehudabe/flcn3/flc_n3/soswa/ethflctc2top_lane_top_svrun1/3.ethflctc2top_lane_top/ethflctc2v1adcclkgen_ring_osc_div.v,ethflctc2v1adcclkgen_ring_osc_div
430,/p/hip/wa/yehudabe/flcn3/flc_n3/soswa/ethflctc2top_lane_top_svrun1/3.ethflctc2top_lane_top/ethflctc2v1adcclkgen_ring_osc_div_2.sv,ethflctc2v1adcclkgen_ring_osc_div_2
431,/p/hip/wa/yehudabe/flcn3/flc_n3/soswa/ethflctc2top_lane_top_svrun1/3.ethflctc2top_lane_top/ethflctc2v1adcclkgen_ring_osc_main_buffer.v,ethflctc2v1adcclkgen_ring_osc_main_buffer
432,/p/hip/wa/yehudabe/flcn3/flc_n3/soswa/ethflctc2top_lane_top_svrun1/3.ethflctc2top_lane_top/ethflctc2v1adcclkgen_ring_osc_mux.sv,ethflctc2v1adcclkgen_ring_osc_mux
433,/p/hip/wa/yehudabe/flcn3/flc_n3/soswa/ethflctc2top_lane_top_svrun1/3.ethflctc2top_lane_top/ethflctc2v1adcclkgen_skew_det_buf_out.v,ethflctc2v1adcclkgen_skew_det_buf_out
434,/p/hip/wa/yehudabe/flcn3/flc_n3/soswa/ethflctc2top_lane_top_svrun1/3.ethflctc2top_lane_top/ethflctc2v1adcclkgen_skew_det_top.v,ethflctc2v1adcclkgen_skew_det_top
435,/p/hip/wa/yehudabe/flcn3/flc_n3/soswa/ethflctc2top_lane_top_svrun1/3.ethflctc2top_lane_top/ethflctc2v1adcclkgen_std_extend_svt.v,ethflctc2v1adcclkgen_std_extend_svt
436,/p/hip/wa/yehudabe/flcn3/flc_n3/soswa/ethflctc2top_lane_top_svrun1/3.ethflctc2top_lane_top/ethflctc2v1adcclkgen_th1drv_nndx8fin_v15_m3.sv,ethflctc2v1adcclkgen_th1drv_nndx8fin_v15_m3
437,/p/hip/wa/yehudabe/flcn3/flc_n3/soswa/ethflctc2top_lane_top_svrun1/3.ethflctc2top_lane_top/ethflctc2v1adcclkgen_th2_clk_dcd_inv.sv,ethflctc2v1adcclkgen_th2_clk_dcd_inv
438,/p/hip/wa/yehudabe/flcn3/flc_n3/soswa/ethflctc2top_lane_top_svrun1/3.ethflctc2top_lane_top/ethflctc2v1adcclkgen_th2_clk_dcd_logic_buf.sv,ethflctc2v1adcclkgen_th2_clk_dcd_logic_buf
439,/p/hip/wa/yehudabe/flcn3/flc_n3/soswa/ethflctc2top_lane_top_svrun1/3.ethflctc2top_lane_top/ethflctc2v1adcclkgen_th2_clk_drv_v2.sv,ethflctc2v1adcclkgen_th2_clk_drv_v2
440,/p/hip/wa/yehudabe/flcn3/flc_n3/soswa/ethflctc2top_lane_top_svrun1/3.ethflctc2top_lane_top/ethflctc2v1adcclkgen_th2_clk_mux_next_present.sv,ethflctc2v1adcclkgen_th2_clk_mux_next_present
441,/p/hip/wa/yehudabe/flcn3/flc_n3/soswa/ethflctc2top_lane_top_svrun1/3.ethflctc2top_lane_top/ethflctc2v1adcclkgen_tridrv_ind.sv,ethflctc2v1adcclkgen_tridrv_ind
442,/p/hip/wa/yehudabe/flcn3/flc_n3/soswa/ethflctc2top_lane_top_svrun1/3.ethflctc2top_lane_top/ethflctc2v1adcclkgen_tridrv_top.v,ethflctc2v1adcclkgen_tridrv_top
443,/p/hip/wa/yehudabe/flcn3/flc_n3/soswa/ethflctc2top_lane_top_svrun1/3.ethflctc2top_lane_top/ethflctc2v1adcclkgen_vccdcmon_pp51.sv,ethflctc2v1adcclkgen_vccdcmon_pp51
444,/p/hip/wa/yehudabe/flcn3/flc_n3/soswa/ethflctc2top_lane_top_svrun1/3.ethflctc2top_lane_top/ethflctc2v1adcclkgen_vco_clk_buffer.sv,ethflctc2v1adcclkgen_vco_clk_buffer
445,/p/hip/wa/yehudabe/flcn3/flc_n3/soswa/ethflctc2top_lane_top_svrun1/3.ethflctc2top_lane_top/ethflctc2v1adcclkgen_vco_skew_det.v,ethflctc2v1adcclkgen_vco_skew_det
446,/p/hip/wa/yehudabe/flcn3/flc_n3/soswa/ethflctc2top_lane_top_svrun1/3.ethflctc2top_lane_top/ethflctc2v1tx_HSPULT06_LVLDBUFE0_CAQY2_4_fwdbias_fix.sv,ethflctc2v1tx_HSPULT06_LVLDBUFE0_CAQY2_4_fwdbias_fix
447,/p/hip/wa/yehudabe/flcn3/flc_n3/soswa/ethflctc2top_lane_top_svrun1/3.ethflctc2top_lane_top/ethlanebiasshr_n_bias.sv,ethlanebiasshr_n_bias
448,/p/hip/wa/yehudabe/flcn3/flc_n3/soswa/ethflctc2top_lane_top_svrun1/3.ethflctc2top_lane_top/ethlanebiasshr_n_top.v,ethlanebiasshr_n_top
449,/p/hip/wa/yehudabe/flcn3/flc_n3/soswa/ethflctc2top_lane_top_svrun1/3.ethflctc2top_lane_top/ethlanebiasshr_n_unit_50u.sv,ethlanebiasshr_n_unit_50u
450,/p/hip/wa/yehudabe/flcn3/flc_n3/soswa/ethflctc2top_lane_top_svrun1/3.ethflctc2top_lane_top/ethlanebiasshr_n_unit_50u_master.sv,ethlanebiasshr_n_unit_50u_master
451,/p/hip/wa/yehudabe/flcn3/flc_n3/soswa/ethflctc2top_lane_top_svrun1/3.ethflctc2top_lane_top/ethlanebiasshr_p_bias.sv,ethlanebiasshr_p_bias
452,/p/hip/wa/yehudabe/flcn3/flc_n3/soswa/ethflctc2top_lane_top_svrun1/3.ethflctc2top_lane_top/ethlanebiasshr_p_top.v,ethlanebiasshr_p_top
453,/p/hip/wa/yehudabe/flcn3/flc_n3/soswa/ethflctc2top_lane_top_svrun1/3.ethflctc2top_lane_top/ethlanebiasshr_p_unit_50u.sv,ethlanebiasshr_p_unit_50u
454,/p/hip/wa/yehudabe/flcn3/flc_n3/soswa/ethflctc2top_lane_top_svrun1/3.ethflctc2top_lane_top/ethlanebiasshr_p_unit_50u_master.sv,ethlanebiasshr_p_unit_50u_master
455,/p/hip/wa/yehudabe/flcn3/flc_n3/soswa/ethflctc2top_lane_top_svrun1/3.ethflctc2top_lane_top/ethlanebiasshr_regs.v,ethlanebiasshr_regs
456,/p/hip/wa/yehudabe/flcn3/flc_n3/soswa/ethflctc2top_lane_top_svrun1/3.ethflctc2top_lane_top/ethlanebiasshr_top.v,ethlanebiasshr_top
457,/p/hip/wa/yehudabe/flcn3/flc_n3/soswa/ethflctc2top_lane_top_svrun1/3.ethflctc2top_lane_top/ethldoshr_chargepump_core.sv,ethldoshr_chargepump_core
458,/p/hip/wa/yehudabe/flcn3/flc_n3/soswa/ethflctc2top_lane_top_svrun1/3.ethflctc2top_lane_top/ethldoshr_chargepump_dcmon.sv,ethldoshr_chargepump_dcmon
459,/p/hip/wa/yehudabe/flcn3/flc_n3/soswa/ethflctc2top_lane_top_svrun1/3.ethflctc2top_lane_top/ethldoshr_chargepump_div_and_mux.v,ethldoshr_chargepump_div_and_mux
460,/p/hip/wa/yehudabe/flcn3/flc_n3/soswa/ethflctc2top_lane_top_svrun1/3.ethflctc2top_lane_top/ethldoshr_chargepump_inv_svt.sv,ethldoshr_chargepump_inv_svt
461,/p/hip/wa/yehudabe/flcn3/flc_n3/soswa/ethflctc2top_lane_top_svrun1/3.ethflctc2top_lane_top/ethldoshr_chargepump_nand_svt.sv,ethldoshr_chargepump_nand_svt
462,/p/hip/wa/yehudabe/flcn3/flc_n3/soswa/ethflctc2top_lane_top_svrun1/3.ethflctc2top_lane_top/ethldoshr_chargepump_nor_svt.sv,ethldoshr_chargepump_nor_svt
463,/p/hip/wa/yehudabe/flcn3/flc_n3/soswa/ethflctc2top_lane_top_svrun1/3.ethflctc2top_lane_top/ethldoshr_chargepump_ro_core.sv,ethldoshr_chargepump_ro_core
464,/p/hip/wa/yehudabe/flcn3/flc_n3/soswa/ethflctc2top_lane_top_svrun1/3.ethflctc2top_lane_top/ethldoshr_chargepump_ro_ctrl.v,ethldoshr_chargepump_ro_ctrl
465,/p/hip/wa/yehudabe/flcn3/flc_n3/soswa/ethflctc2top_lane_top_svrun1/3.ethflctc2top_lane_top/ethldoshr_chargepump_top.v,ethldoshr_chargepump_top
466,/p/hip/wa/yehudabe/flcn3/flc_n3/soswa/ethflctc2top_lane_top_svrun1/3.ethflctc2top_lane_top/ethldoshr_ldo_fm1_amp_vb_bias_pu_55n.sv,ethldoshr_ldo_fm1_amp_vb_bias_pu_55n
467,/p/hip/wa/yehudabe/flcn3/flc_n3/soswa/ethflctc2top_lane_top_svrun1/3.ethflctc2top_lane_top/ethldoshr_ldo_fm1_amp_vb_pu_55n.sv,ethldoshr_ldo_fm1_amp_vb_pu_55n
468,/p/hip/wa/yehudabe/flcn3/flc_n3/soswa/ethflctc2top_lane_top_svrun1/3.ethflctc2top_lane_top/ethldoshr_ldo_slice_0p9_v2.sv,ethldoshr_ldo_slice_0p9_v2
469,/p/hip/wa/yehudabe/flcn3/flc_n3/soswa/ethflctc2top_lane_top_svrun1/3.ethflctc2top_lane_top/ethldoshr_ldodrv_pullup_unit.sv,ethldoshr_ldodrv_pullup_unit
470,/p/hip/wa/yehudabe/flcn3/flc_n3/soswa/ethflctc2top_lane_top_svrun1/3.ethflctc2top_lane_top/ethldoshr_ro_top.v,ethldoshr_ro_top
471,/p/hip/wa/yehudabe/flcn3/flc_n3/soswa/ethflctc2top_lane_top_svrun1/3.ethflctc2top_lane_top/ethpllshr_adpllg5_9bit_pipeline_async_outputdiv.v,ethpllshr_adpllg5_9bit_pipeline_async_outputdiv
472,/p/hip/wa/yehudabe/flcn3/flc_n3/soswa/ethflctc2top_lane_top_svrun1/3.ethflctc2top_lane_top/ethpllshr_adpllg5_async_counter_outputdiv.v,ethpllshr_adpllg5_async_counter_outputdiv
473,/p/hip/wa/yehudabe/flcn3/flc_n3/soswa/ethflctc2top_lane_top_svrun1/3.ethflctc2top_lane_top/ethpllshr_adpllg5_pipeline_mux_asyncdiv_div2_outputdiv.v,ethpllshr_adpllg5_pipeline_mux_asyncdiv_div2_outputdiv
474,/p/hip/wa/yehudabe/flcn3/flc_n3/soswa/ethflctc2top_lane_top_svrun1/3.ethflctc2top_lane_top/ethpllshr_adpllg5_pipeline_subtract_m1.v,ethpllshr_adpllg5_pipeline_subtract_m1
475,/p/hip/wa/yehudabe/flcn3/flc_n3/soswa/ethflctc2top_lane_top_svrun1/3.ethflctc2top_lane_top/ethpllshr_adpllg5_pipeline_subtract_m2.v,ethpllshr_adpllg5_pipeline_subtract_m2
476,/p/hip/wa/yehudabe/flcn3/flc_n3/soswa/ethflctc2top_lane_top_svrun1/3.ethflctc2top_lane_top/ethpllshr_adpllg5_sub_m2_m1.v,ethpllshr_adpllg5_sub_m2_m1
477,/p/hip/wa/yehudabe/flcn3/flc_n3/soswa/ethflctc2top_lane_top_svrun1/3.ethflctc2top_lane_top/ethpllshr_rxdco_wrap.sv,ethpllshr_rxdco_wrap
478,/p/hip/wa/yehudabe/flcn3/flc_n3/soswa/ethflctc2top_lane_top_svrun1/3.ethflctc2top_lane_top/ethrxrefgenshr_LVT03_ND3_1.sv,ethrxrefgenshr_LVT03_ND3_1
479,/p/hip/wa/yehudabe/flcn3/flc_n3/soswa/ethflctc2top_lane_top_svrun1/3.ethflctc2top_lane_top/ethrxrefgenshr_ND3D4BWP260H3P45FB1CNODLVT.sv,ethrxrefgenshr_ND3D4BWP260H3P45FB1CNODLVT
480,/p/hip/wa/yehudabe/flcn3/flc_n3/soswa/ethflctc2top_lane_top_svrun1/3.ethflctc2top_lane_top/ethrxrefgenshr_NR3D4BWP260H3P45FB1CNODLVT.sv,ethrxrefgenshr_NR3D4BWP260H3P45FB1CNODLVT
481,/p/hip/wa/yehudabe/flcn3/flc_n3/soswa/ethflctc2top_lane_top_svrun1/3.ethflctc2top_lane_top/ethrxrefgenshr_dcmon.sv,ethrxrefgenshr_dcmon
482,/p/hip/wa/yehudabe/flcn3/flc_n3/soswa/ethflctc2top_lane_top_svrun1/3.ethflctc2top_lane_top/ethrxrefgenshr_lpf.sv,ethrxrefgenshr_lpf
483,/p/hip/wa/yehudabe/flcn3/flc_n3/soswa/ethflctc2top_lane_top_svrun1/3.ethflctc2top_lane_top/ethrxrefgenshr_mux_16r10_p.v,ethrxrefgenshr_mux_16r10_p
484,/p/hip/wa/yehudabe/flcn3/flc_n3/soswa/ethflctc2top_lane_top_svrun1/3.ethflctc2top_lane_top/ethrxrefgenshr_mux_16r20_p.sv,ethrxrefgenshr_mux_16r20_p
485,/p/hip/wa/yehudabe/flcn3/flc_n3/soswa/ethflctc2top_lane_top_svrun1/3.ethflctc2top_lane_top/ethrxrefgenshr_mux_32r10_p.sv,ethrxrefgenshr_mux_32r10_p
486,/p/hip/wa/yehudabe/flcn3/flc_n3/soswa/ethflctc2top_lane_top_svrun1/3.ethflctc2top_lane_top/ethrxrefgenshr_mux_32r5_n.v,ethrxrefgenshr_mux_32r5_n
487,/p/hip/wa/yehudabe/flcn3/flc_n3/soswa/ethflctc2top_lane_top_svrun1/3.ethflctc2top_lane_top/ethrxrefgenshr_mux_32r5_p.v,ethrxrefgenshr_mux_32r5_p
488,/p/hip/wa/yehudabe/flcn3/flc_n3/soswa/ethflctc2top_lane_top_svrun1/3.ethflctc2top_lane_top/ethrxrefgenshr_mux_32r5up_p.v,ethrxrefgenshr_mux_32r5up_p
489,/p/hip/wa/yehudabe/flcn3/flc_n3/soswa/ethflctc2top_lane_top_svrun1/3.ethflctc2top_lane_top/ethrxrefgenshr_mux_64to1_n.v,ethrxrefgenshr_mux_64to1_n
490,/p/hip/wa/yehudabe/flcn3/flc_n3/soswa/ethflctc2top_lane_top_svrun1/3.ethflctc2top_lane_top/ethrxrefgenshr_mux_64to1_p.v,ethrxrefgenshr_mux_64to1_p
491,/p/hip/wa/yehudabe/flcn3/flc_n3/soswa/ethflctc2top_lane_top_svrun1/3.ethflctc2top_lane_top/ethrxrefgenshr_nand3_sw_en.v,ethrxrefgenshr_nand3_sw_en
492,/p/hip/wa/yehudabe/flcn3/flc_n3/soswa/ethflctc2top_lane_top_svrun1/3.ethflctc2top_lane_top/ethrxrefgenshr_nand3_sw_p.v,ethrxrefgenshr_nand3_sw_p
493,/p/hip/wa/yehudabe/flcn3/flc_n3/soswa/ethflctc2top_lane_top_svrun1/3.ethflctc2top_lane_top/ethrxrefgenshr_nand3_switch_64to1_p.v,ethrxrefgenshr_nand3_switch_64to1_p
494,/p/hip/wa/yehudabe/flcn3/flc_n3/soswa/ethflctc2top_lane_top_svrun1/3.ethflctc2top_lane_top/ethrxrefgenshr_nmos_sw.sv,ethrxrefgenshr_nmos_sw
495,/p/hip/wa/yehudabe/flcn3/flc_n3/soswa/ethflctc2top_lane_top_svrun1/3.ethflctc2top_lane_top/ethrxrefgenshr_nmos_sw_dcmon.sv,ethrxrefgenshr_nmos_sw_dcmon
496,/p/hip/wa/yehudabe/flcn3/flc_n3/soswa/ethflctc2top_lane_top_svrun1/3.ethflctc2top_lane_top/ethrxrefgenshr_nor3_sw_en.v,ethrxrefgenshr_nor3_sw_en
497,/p/hip/wa/yehudabe/flcn3/flc_n3/soswa/ethflctc2top_lane_top_svrun1/3.ethflctc2top_lane_top/ethrxrefgenshr_nor3_sw_n.v,ethrxrefgenshr_nor3_sw_n
498,/p/hip/wa/yehudabe/flcn3/flc_n3/soswa/ethflctc2top_lane_top_svrun1/3.ethflctc2top_lane_top/ethrxrefgenshr_nor3_switch_64to1_n.v,ethrxrefgenshr_nor3_switch_64to1_n
499,/p/hip/wa/yehudabe/flcn3/flc_n3/soswa/ethflctc2top_lane_top_svrun1/3.ethflctc2top_lane_top/ethrxrefgenshr_pmos_sw.sv,ethrxrefgenshr_pmos_sw
500,/p/hip/wa/yehudabe/flcn3/flc_n3/soswa/ethflctc2top_lane_top_svrun1/3.ethflctc2top_lane_top/ethrxrefgenshr_predec_all_n.v,ethrxrefgenshr_predec_all_n
501,/p/hip/wa/yehudabe/flcn3/flc_n3/soswa/ethflctc2top_lane_top_svrun1/3.ethflctc2top_lane_top/ethrxrefgenshr_predec_all_p.v,ethrxrefgenshr_predec_all_p
502,/p/hip/wa/yehudabe/flcn3/flc_n3/soswa/ethflctc2top_lane_top_svrun1/3.ethflctc2top_lane_top/ethrxrefgenshr_predecoder_6to12.v,ethrxrefgenshr_predecoder_6to12
503,/p/hip/wa/yehudabe/flcn3/flc_n3/soswa/ethflctc2top_lane_top_svrun1/3.ethflctc2top_lane_top/ethrxrefgenshr_predecoder_6to12_p.v,ethrxrefgenshr_predecoder_6to12_p
504,/p/hip/wa/yehudabe/flcn3/flc_n3/soswa/ethflctc2top_lane_top_svrun1/3.ethflctc2top_lane_top/ethrxrefgenshr_predecoder_unit_n.v,ethrxrefgenshr_predecoder_unit_n
505,/p/hip/wa/yehudabe/flcn3/flc_n3/soswa/ethflctc2top_lane_top_svrun1/3.ethflctc2top_lane_top/ethrxrefgenshr_predecoder_unit_p.v,ethrxrefgenshr_predecoder_unit_p
506,/p/hip/wa/yehudabe/flcn3/flc_n3/soswa/ethflctc2top_lane_top_svrun1/3.ethflctc2top_lane_top/ethrxrefgenshr_ref_cmp.sv,ethrxrefgenshr_ref_cmp
507,/p/hip/wa/yehudabe/flcn3/flc_n3/soswa/ethflctc2top_lane_top_svrun1/3.ethflctc2top_lane_top/ethrxrefgenshr_res_lad_top.sv,ethrxrefgenshr_res_lad_top
508,/p/hip/wa/yehudabe/flcn3/flc_n3/soswa/ethflctc2top_lane_top_svrun1/3.ethflctc2top_lane_top/ethrxrefgenshr_rxref_core.v,ethrxrefgenshr_rxref_core
509,/p/hip/wa/yehudabe/flcn3/flc_n3/soswa/ethflctc2top_lane_top_svrun1/3.ethflctc2top_lane_top/ethrxrefgenshr_rxref_drv.v,ethrxrefgenshr_rxref_drv
510,/p/hip/wa/yehudabe/flcn3/flc_n3/soswa/ethflctc2top_lane_top_svrun1/3.ethflctc2top_lane_top/ethrxrefgenshr_rxref_regs.v,ethrxrefgenshr_rxref_regs
511,/p/hip/wa/yehudabe/flcn3/flc_n3/soswa/ethflctc2top_lane_top_svrun1/3.ethflctc2top_lane_top/ethrxrefgenshr_rxref_res_div.sv,ethrxrefgenshr_rxref_res_div
512,/p/hip/wa/yehudabe/flcn3/flc_n3/soswa/ethflctc2top_lane_top_svrun1/3.ethflctc2top_lane_top/ethrxrefgenshr_rxref_top.v,ethrxrefgenshr_rxref_top
513,/p/hip/wa/yehudabe/flcn3/flc_n3/soswa/ethflctc2top_lane_top_svrun1/3.ethflctc2top_lane_top/metal_res_wrealsum.sv,metal_res_wrealsum
514,/p/hip/wa/yehudabe/flcn3/flc_n3/soswa/ethflctc2top_lane_top_svrun1/3.ethflctc2top_lane_top/msv_convert_logic_to_real.sv,msv_convert_logic_to_real
515,/p/hip/wa/yehudabe/flcn3/flc_n3/soswa/ethflctc2top_lane_top_svrun1/3.ethflctc2top_lane_top/msv_convert_logic_to_wrealsum.sv,msv_convert_logic_to_wrealsum
516,/p/hip/wa/yehudabe/flcn3/flc_n3/soswa/ethflctc2top_lane_top_svrun1/3.ethflctc2top_lane_top/msv_convert_real_to_logic.sv,msv_convert_real_to_logic
517,/p/hip/wa/yehudabe/flcn3/flc_n3/soswa/ethflctc2top_lane_top_svrun1/3.ethflctc2top_lane_top/msv_convert_real_to_wrealavg.sv,msv_convert_real_to_wrealavg
518,/p/hip/wa/yehudabe/flcn3/flc_n3/soswa/ethflctc2top_lane_top_svrun1/3.ethflctc2top_lane_top/msv_convert_real_to_wrealsum.sv,msv_convert_real_to_wrealsum
519,/p/hip/wa/yehudabe/flcn3/flc_n3/soswa/ethflctc2top_lane_top_svrun1/3.ethflctc2top_lane_top/msv_convert_wrealavg_to_real.sv,msv_convert_wrealavg_to_real
520,/p/hip/wa/yehudabe/flcn3/flc_n3/soswa/ethflctc2top_lane_top_svrun1/3.ethflctc2top_lane_top/msv_convert_wrealmax_to_logic.sv,msv_convert_wrealmax_to_logic
521,/p/hip/wa/yehudabe/flcn3/flc_n3/soswa/ethflctc2top_lane_top_svrun1/3.ethflctc2top_lane_top/msv_convert_wrealsum_to_real.sv,msv_convert_wrealsum_to_real
522,/p/hip/wa/yehudabe/flcn3/flc_n3/soswa/ethflctc2top_lane_top_svrun1/3.ethflctc2top_lane_top/rmsp_logic.sv,rmsp_logic
523,/p/hip/wa/yehudabe/flcn3/flc_n3/soswa/ethflctc2top_lane_top_svrun1/3.ethflctc2top_lane_top/rmsp_real.sv,rmsp_real
524,/p/hip/wa/yehudabe/flcn3/flc_n3/soswa/ethflctc2top_lane_top_svrun1/3.ethflctc2top_lane_top/rmsp_wrealsum.sv,rmsp_wrealsum
525,/p/hdk/rtl/cad/x86-64_linux30/synopsys/vcsmx/R-2020.12-1//etc/snps_msv/converter/wrealsum_to_logic.svp,wrealsum_to_logic
526,/p/hdk/rtl/cad/x86-64_linux30/synopsys/vcsmx/R-2020.12-1//etc/snps_msv/converter/logic_to_wrealsum.svp,logic_to_wrealsum
527,/p/hdk/rtl/cad/x86-64_linux30/synopsys/vcsmx/R-2020.12-1//etc/snps_msv/converter/wrealavg_to_logic.svp,wrealavg_to_logic
528,/p/hdk/rtl/cad/x86-64_linux30/synopsys/vcsmx/R-2020.12-1//etc/snps_msv/converter/logic_to_wrealavg.svp,logic_to_wrealavg
529,/p/hdk/rtl/cad/x86-64_linux30/synopsys/vcsmx/R-2020.12-1//etc/snps_msv/converter/real_to_logic.svp,real_to_logic
530,/p/hdk/rtl/cad/x86-64_linux30/synopsys/vcsmx/R-2020.12-1//etc/snps_msv/converter/logic_to_real.svp,logic_to_real
531,/p/hdk/rtl/cad/x86-64_linux30/synopsys/vcsmx/R-2020.12-1//etc/snps_msv/converter/logic_to_wreal1driver.svp,logic_to_wreal1driver
532,/p/hdk/rtl/cad/x86-64_linux30/synopsys/vcsmx/R-2020.12-1//etc/snps_msv/converter/wreal1driver_to_logic.svp,wreal1driver_to_logic
